/*
 Navicat Premium Data Transfer

 Source Server         : CollaborativeProjects
 Source Server Type    : MySQL
 Source Server Version : 80032
 Source Host           : localhost:3306
 Source Schema         : rx_template_2.0

 Target Server Type    : MySQL
 Target Server Version : 80032
 File Encoding         : 65001

 Date: 05/01/2025 00:07:40
*/

SET NAMES utf8mb4;
SET FOREIGN_KEY_CHECKS = 0;

-- ----------------------------
-- Table structure for sys_admin
-- ----------------------------
DROP TABLE IF EXISTS `sys_admin`;
CREATE TABLE `sys_admin`  (
  `admin_id` int NOT NULL AUTO_INCREMENT COMMENT '主键id',
  `username` varchar(255) CHARACTER SET utf8mb4 COLLATE utf8mb4_0900_ai_ci NOT NULL COMMENT '用户名、账号',
  `password` varchar(255) CHARACTER SET utf8mb4 COLLATE utf8mb4_0900_ai_ci NOT NULL COMMENT '密码',
  `user_id` bigint NOT NULL COMMENT '用户id',
  PRIMARY KEY (`admin_id`) USING BTREE,
  UNIQUE INDEX `username`(`username` ASC) USING BTREE COMMENT '账户唯一',
  UNIQUE INDEX `user_id`(`user_id` ASC) USING BTREE
) ENGINE = InnoDB AUTO_INCREMENT = 26 CHARACTER SET = utf8mb4 COLLATE = utf8mb4_0900_ai_ci COMMENT = '管理员表' ROW_FORMAT = DYNAMIC;

-- ----------------------------
-- Records of sys_admin
-- ----------------------------
INSERT INTO `sys_admin` VALUES (1, 'admin', '$2a$10$wntZ0wUq9sLfBspaFX6Cxuq1Z4MeTxMHABg3VkBpx1dLJP.6JWmbO', 1);
INSERT INTO `sys_admin` VALUES (2, 'heima', '$2a$10$wntZ0wUq9sLfBspaFX6Cxuq1Z4MeTxMHABg3VkBpx1dLJP.6JWmbO', 2);
INSERT INTO `sys_admin` VALUES (3, 'bzcxy', '$2a$10$wntZ0wUq9sLfBspaFX6Cxuq1Z4MeTxMHABg3VkBpx1dLJP.6JWmbO', 3);
INSERT INTO `sys_admin` VALUES (5, 'sefsf34', '$2a$10$wntZ0wUq9sLfBspaFX6Cxuq1Z4MeTxMHABg3VkBpx1dLJP.6JWmbO', 5);
INSERT INTO `sys_admin` VALUES (6, 'sefsfs23', '$2a$10$wntZ0wUq9sLfBspaFX6Cxuq1Z4MeTxMHABg3VkBpx1dLJP.6JWmbO', 6);
INSERT INTO `sys_admin` VALUES (10, 'sfesfse34', '$2a$10$wntZ0wUq9sLfBspaFX6Cxuq1Z4MeTxMHABg3VkBpx1dLJP.6JWmbO', 10);
INSERT INTO `sys_admin` VALUES (11, 'isncnuiwe', '$2a$10$wntZ0wUq9sLfBspaFX6Cxuq1Z4MeTxMHABg3VkBpx1dLJP.6JWmbO', 11);
INSERT INTO `sys_admin` VALUES (12, 'sfssffer', '$2a$10$wntZ0wUq9sLfBspaFX6Cxuq1Z4MeTxMHABg3VkBpx1dLJP.6JWmbO', 12);
INSERT INTO `sys_admin` VALUES (14, 'ihklhnf4', '$2a$10$wntZ0wUq9sLfBspaFX6Cxuq1Z4MeTxMHABg3VkBpx1dLJP.6JWmbO', 14);
INSERT INTO `sys_admin` VALUES (15, 'erte', '$2a$10$wntZ0wUq9sLfBspaFX6Cxuq1Z4MeTxMHABg3VkBpx1dLJP.6JWmbO', 15);
INSERT INTO `sys_admin` VALUES (17, 'awdad343', '$2a$10$wntZ0wUq9sLfBspaFX6Cxuq1Z4MeTxMHABg3VkBpx1dLJP.6JWmbO', 17);
INSERT INTO `sys_admin` VALUES (18, 'asdadsa', '$2a$10$wntZ0wUq9sLfBspaFX6Cxuq1Z4MeTxMHABg3VkBpx1dLJP.6JWmbO', 18);
INSERT INTO `sys_admin` VALUES (20, 'ertetrtrr', '$2a$10$wntZ0wUq9sLfBspaFX6Cxuq1Z4MeTxMHABg3VkBpx1dLJP.6JWmbO', 20);
INSERT INTO `sys_admin` VALUES (22, 'ainiya', '$2a$10$wntZ0wUq9sLfBspaFX6Cxuq1Z4MeTxMHABg3VkBpx1dLJP.6JWmbO', 1007);
INSERT INTO `sys_admin` VALUES (25, 'aabbcc', '$2a$10$wntZ0wUq9sLfBspaFX6Cxuq1Z4MeTxMHABg3VkBpx1dLJP.6JWmbO', 1009);

-- ----------------------------
-- Table structure for sys_config
-- ----------------------------
DROP TABLE IF EXISTS `sys_config`;
CREATE TABLE `sys_config`  (
  `id` int NOT NULL AUTO_INCREMENT COMMENT '主键',
  `sys_key` varchar(255) CHARACTER SET utf8mb4 COLLATE utf8mb4_0900_ai_ci NULL DEFAULT NULL COMMENT 'key名',
  `sys_value` varchar(255) CHARACTER SET utf8mb4 COLLATE utf8mb4_0900_ai_ci NULL DEFAULT NULL COMMENT '值',
  `description` mediumtext CHARACTER SET utf8mb4 COLLATE utf8mb4_0900_ai_ci NULL COMMENT '描述',
  `state` tinyint NULL DEFAULT 1 COMMENT '状态',
  `update_time` datetime NULL DEFAULT CURRENT_TIMESTAMP ON UPDATE CURRENT_TIMESTAMP COMMENT '更新时间',
  PRIMARY KEY (`id`) USING BTREE
) ENGINE = InnoDB AUTO_INCREMENT = 10 CHARACTER SET = utf8mb4 COLLATE = utf8mb4_0900_ai_ci COMMENT = '系统配置' ROW_FORMAT = Dynamic;

-- ----------------------------
-- Records of sys_config
-- ----------------------------
INSERT INTO `sys_config` VALUES (1, 'fileType', 'txt', '可用的文件类型', 1, '2025-01-03 01:24:44');
INSERT INTO `sys_config` VALUES (2, 'imgType', 'jpg,png,jpeg', '可用的图片类型', 1, '2025-01-03 00:22:45');
INSERT INTO `sys_config` VALUES (3, 'storageType', 'LOCAL', '存储服务类型：\n1、LOCAL 本地存储', 1, '2025-01-04 01:18:58');
INSERT INTO `sys_config` VALUES (7, 'imgMaxSize', '3', '最大图片上传大小（MB）', 1, '2025-01-03 21:25:28');
INSERT INTO `sys_config` VALUES (8, 'fileMaxSize', '10', '最大文件上传大小（MB）', 1, '2025-01-03 21:25:39');
INSERT INTO `sys_config` VALUES (9, 'storagePath', 'store', '资源存储的目录名称', 1, '2025-01-04 00:49:52');

-- ----------------------------
-- Table structure for sys_menu
-- ----------------------------
DROP TABLE IF EXISTS `sys_menu`;
CREATE TABLE `sys_menu`  (
  `menu_id` int NOT NULL AUTO_INCREMENT COMMENT '主键id',
  `title` varchar(100) CHARACTER SET utf8mb4 COLLATE utf8mb4_0900_ai_ci NULL DEFAULT NULL COMMENT '描述',
  `path` varchar(100) CHARACTER SET utf8mb4 COLLATE utf8mb4_0900_ai_ci NULL DEFAULT NULL COMMENT '权限值',
  `parent_id` int NULL DEFAULT NULL COMMENT '父级id',
  `icon` varchar(255) CHARACTER SET utf8mb4 COLLATE utf8mb4_0900_ai_ci NULL DEFAULT NULL COMMENT '图标icon',
  `sort` int NULL DEFAULT NULL COMMENT '排序',
  `state` int NULL DEFAULT NULL COMMENT '状态',
  `update_time` datetime NULL DEFAULT CURRENT_TIMESTAMP ON UPDATE CURRENT_TIMESTAMP COMMENT '更新时间',
  `create_time` datetime NULL DEFAULT CURRENT_TIMESTAMP COMMENT '创建时间',
  `src` varchar(255) CHARACTER SET utf8mb4 COLLATE utf8mb4_0900_ai_ci NULL DEFAULT NULL COMMENT '路由路径',
  PRIMARY KEY (`menu_id`) USING BTREE
) ENGINE = InnoDB AUTO_INCREMENT = 10011 CHARACTER SET = utf8mb4 COLLATE = utf8mb4_0900_ai_ci COMMENT = '菜单' ROW_FORMAT = DYNAMIC;

-- ----------------------------
-- Records of sys_menu
-- ----------------------------
INSERT INTO `sys_menu` VALUES (1, 'home', '/home', 0, 'HomeOutlined', 1, 1, '2024-12-27 23:59:42', '2024-10-09 00:58:45', '/home/home');
INSERT INTO `sys_menu` VALUES (2, 'sysAdmin', '/sys', 0, 'ControlOutlined', 2, 1, '2024-12-27 23:59:43', '2024-10-09 00:58:46', '');
INSERT INTO `sys_menu` VALUES (3, 'administrator', '/admin', 2, 'UserDeleteOutlined', 2, 1, '2024-12-27 23:59:43', '2024-10-09 00:58:26', '/sys/admin');
INSERT INTO `sys_menu` VALUES (4, 'userAdmin', '/user', 2, 'UserOutlined', 1, 1, '2024-12-27 23:59:44', '2024-10-09 00:58:28', '/sys/user');
INSERT INTO `sys_menu` VALUES (5, 'oplog', '/oplog', 0, 'FundProjectionScreenOutlined', 31, 1, '2024-12-27 23:59:44', '2024-12-27 23:56:52', '/oplog/oplog');
INSERT INTO `sys_menu` VALUES (6, 'monitor', '/monitor', 0, 'CodeOutlined', 30, 1, '2024-12-27 23:59:46', '2024-12-15 02:59:57', '/monitor/monitor');
INSERT INTO `sys_menu` VALUES (7, 'role', '/role', 2, 'TeamOutlined', 3, 1, '2024-12-28 23:49:23', '2024-12-28 23:45:11', '/sys/role');
INSERT INTO `sys_menu` VALUES (8, 'generalConfig', '/generalConfig', 0, 'GroupOutlined', 3, 1, '2025-01-02 23:26:09', '2025-01-02 23:20:40', '/generalConfig/generalConfig');

-- ----------------------------
-- Table structure for sys_oplog
-- ----------------------------
DROP TABLE IF EXISTS `sys_oplog`;
CREATE TABLE `sys_oplog`  (
  `id` bigint NOT NULL AUTO_INCREMENT COMMENT '主键',
  `model` varchar(255) CHARACTER SET utf8mb4 COLLATE utf8mb4_0900_ai_ci NULL DEFAULT NULL COMMENT '模块',
  `user_id` bigint NULL DEFAULT NULL COMMENT '用户id',
  `state` tinyint NULL DEFAULT NULL COMMENT '结果1 成功   0失败',
  `category` int NULL DEFAULT NULL COMMENT '操作类型',
  `ip` varchar(255) CHARACTER SET utf8mb4 COLLATE utf8mb4_0900_ai_ci NULL DEFAULT NULL COMMENT 'ip地址',
  `result` mediumtext CHARACTER SET utf8mb4 COLLATE utf8mb4_0900_ai_ci NULL COMMENT '操作结果',
  `description` mediumtext CHARACTER SET utf8mb4 COLLATE utf8mb4_0900_ai_ci NULL COMMENT '描述',
  `address` varchar(255) CHARACTER SET utf8mb4 COLLATE utf8mb4_0900_ai_ci NULL DEFAULT NULL COMMENT '归属地址',
  `create_time` datetime NULL DEFAULT CURRENT_TIMESTAMP COMMENT '创建时间',
  `times` bigint NULL DEFAULT NULL COMMENT '耗时',
  `query` mediumtext CHARACTER SET utf8mb4 COLLATE utf8mb4_0900_ai_ci NULL COMMENT '操作参数',
  PRIMARY KEY (`id`) USING BTREE
) ENGINE = InnoDB AUTO_INCREMENT = 90 CHARACTER SET = utf8mb4 COLLATE = utf8mb4_0900_ai_ci COMMENT = '操作日志' ROW_FORMAT = Dynamic;

-- ----------------------------
-- Records of sys_oplog
-- ----------------------------
INSERT INTO `sys_oplog` VALUES (267, 'sys', 1, 1, 1, '0:0:0:0:0:0:0:1', '{\"code\":200,\"data\":3,\"msg\":\"success\"}', '操作日志删除', '内网IP', '2025-01-04 23:52:42', 1, '[[266,195,194]]');
INSERT INTO `sys_oplog` VALUES (268, 'secure', 1, 1, 1, '0:0:0:0:0:0:0:1', '成功', '退出登录', '内网IP', '2025-01-04 23:52:43', 0, NULL);
INSERT INTO `sys_oplog` VALUES (269, 'secure', 1, 1, 1, '0:0:0:0:0:0:0:1', '成功', '登录', '内网IP', '2025-01-04 23:52:50', 0, NULL);
INSERT INTO `sys_oplog` VALUES (270, 'secure', 1, 1, 1, '0:0:0:0:0:0:0:1', '成功', '退出登录', '内网IP', '2025-01-04 23:53:18', 0, NULL);
INSERT INTO `sys_oplog` VALUES (271, 'secure', 1, 1, 1, '0:0:0:0:0:0:0:1', '成功', '登录', '内网IP', '2025-01-04 23:54:58', 0, NULL);
INSERT INTO `sys_oplog` VALUES (272, 'secure', 1, 1, 1, '0:0:0:0:0:0:0:1', '成功', '退出登录', '内网IP', '2025-01-04 23:55:14', 0, NULL);
INSERT INTO `sys_oplog` VALUES (273, 'secure', 1, 1, 1, '0:0:0:0:0:0:0:1', '成功', '登录', '内网IP', '2025-01-04 23:55:17', 0, NULL);
INSERT INTO `sys_oplog` VALUES (274, 'secure', 1, 1, 1, '0:0:0:0:0:0:0:1', '成功', '退出登录', '内网IP', '2025-01-04 23:55:42', 0, NULL);
INSERT INTO `sys_oplog` VALUES (275, 'secure', 1, 1, 1, '0:0:0:0:0:0:0:1', '成功', '登录', '内网IP', '2025-01-04 23:56:51', 0, NULL);
INSERT INTO `sys_oplog` VALUES (276, 'secure', 1, NULL, 3, '0:0:0:0:0:0:0:1', '{\"localizedMessage\":\"\\r\\n### Error querying database.  Cause: java.sql.SQLSyntaxErrorException: Table \'rx_template_2.0.sys_permissions_menu\' doesn\'t exist\\r\\n### The error may exist in file [D:\\\\ProjectCooperation\\\\rx_template 2.0\\\\rxls-serve\\\\rxls-db\\\\target\\\\classes\\\\mapper\\\\SysMenuMapper.xml]\\r\\n### The error may involve defaultParameterMap\\r\\n### The error occurred while setting parameters\\r\\n### SQL: select m.menu_id,                m.title,                m.state as menuState,                p.permissions_id,                p.description,                p.url,                p.state         from sys_menu m                 join sys_permissions_menu pm on m.menu_id = pm.menu_id                  join sys_permissions p on pm.permissions_id = p.permissions_id\\r\\n### Cause: java.sql.SQLSyntaxErrorException: Table \'rx_template_2.0.sys_permissions_menu\' doesn\'t exist\\n; bad SQL grammar []; nested exception is java.sql.SQLSyntaxErrorException: Table \'rx_template_2.0.sys_permissions_menu\' doesn\'t exist\",\"message\":\"\\r\\n### Error querying database.  Cause: java.sql.SQLSyntaxErrorException: Table \'rx_template_2.0.sys_permissions_menu\' doesn\'t exist\\r\\n### The error may exist in file [D:\\\\ProjectCooperation\\\\rx_template 2.0\\\\rxls-serve\\\\rxls-db\\\\target\\\\classes\\\\mapper\\\\SysMenuMapper.xml]\\r\\n### The error may involve defaultParameterMap\\r\\n### The error occurred while setting parameters\\r\\n### SQL: select m.menu_id,                m.title,                m.state as menuState,                p.permissions_id,                p.description,                p.url,                p.state         from sys_menu m                 join sys_permissions_menu pm on m.menu_id = pm.menu_id                  join sys_permissions p on pm.permissions_id = p.permissions_id\\r\\n### Cause: java.sql.SQLSyntaxErrorException: Table \'rx_template_2.0.sys_permissions_menu\' doesn\'t exist\\n; bad SQL grammar []; nested exception is java.sql.SQLSyntaxErrorException: Table \'rx_template_2.0.sys_permissions_menu\' doesn\'t exist\",\"type\":\"org.springframework.jdbc.BadSqlGrammarException\"}', '系统错误,请联系管理员', '内网IP', '2025-01-04 23:56:54', 10, NULL);
INSERT INTO `sys_oplog` VALUES (277, 'secure', 1, NULL, 3, '0:0:0:0:0:0:0:1', '{\"localizedMessage\":\"\\r\\n### Error querying database.  Cause: java.sql.SQLSyntaxErrorException: Table \'rx_template_2.0.sys_permissions_menu\' doesn\'t exist\\r\\n### The error may exist in file [D:\\\\ProjectCooperation\\\\rx_template 2.0\\\\rxls-serve\\\\rxls-db\\\\target\\\\classes\\\\mapper\\\\SysMenuMapper.xml]\\r\\n### The error may involve defaultParameterMap\\r\\n### The error occurred while setting parameters\\r\\n### SQL: select m.menu_id,                m.title,                m.state as menuState,                p.permissions_id,                p.description,                p.url,                p.state         from sys_menu m                 join sys_permissions_menu pm on m.menu_id = pm.menu_id                  join sys_permissions p on pm.permissions_id = p.permissions_id\\r\\n### Cause: java.sql.SQLSyntaxErrorException: Table \'rx_template_2.0.sys_permissions_menu\' doesn\'t exist\\n; bad SQL grammar []; nested exception is java.sql.SQLSyntaxErrorException: Table \'rx_template_2.0.sys_permissions_menu\' doesn\'t exist\",\"message\":\"\\r\\n### Error querying database.  Cause: java.sql.SQLSyntaxErrorException: Table \'rx_template_2.0.sys_permissions_menu\' doesn\'t exist\\r\\n### The error may exist in file [D:\\\\ProjectCooperation\\\\rx_template 2.0\\\\rxls-serve\\\\rxls-db\\\\target\\\\classes\\\\mapper\\\\SysMenuMapper.xml]\\r\\n### The error may involve defaultParameterMap\\r\\n### The error occurred while setting parameters\\r\\n### SQL: select m.menu_id,                m.title,                m.state as menuState,                p.permissions_id,                p.description,                p.url,                p.state         from sys_menu m                 join sys_permissions_menu pm on m.menu_id = pm.menu_id                  join sys_permissions p on pm.permissions_id = p.permissions_id\\r\\n### Cause: java.sql.SQLSyntaxErrorException: Table \'rx_template_2.0.sys_permissions_menu\' doesn\'t exist\\n; bad SQL grammar []; nested exception is java.sql.SQLSyntaxErrorException: Table \'rx_template_2.0.sys_permissions_menu\' doesn\'t exist\",\"type\":\"org.springframework.jdbc.BadSqlGrammarException\"}', '系统错误,请联系管理员', '内网IP', '2025-01-04 23:56:57', 10, NULL);
INSERT INTO `sys_oplog` VALUES (278, 'secure', NULL, NULL, 3, '0:0:0:0:0:0:0:1', '{\"type\":\"org.springframework.web.context.request.async.AsyncRequestTimeoutException\"}', '系统错误,请联系管理员', '内网IP', '2025-01-05 00:00:02', 10, NULL);
INSERT INTO `sys_oplog` VALUES (279, 'secure', NULL, NULL, 3, '0:0:0:0:0:0:0:1', '{\"localizedMessage\":\"No converter for [class java.util.LinkedHashMap] with preset Content-Type \'text/event-stream\'\",\"message\":\"No converter for [class java.util.LinkedHashMap] with preset Content-Type \'text/event-stream\'\",\"type\":\"org.springframework.http.converter.HttpMessageNotWritableException\"}', '系统错误,请联系管理员', '内网IP', '2025-01-05 00:00:02', 10, NULL);

-- ----------------------------
-- Table structure for sys_permissions
-- ----------------------------
DROP TABLE IF EXISTS `sys_permissions`;
CREATE TABLE `sys_permissions`  (
  `permissions_id` int NOT NULL AUTO_INCREMENT COMMENT '主键id',
  `description` varchar(50) CHARACTER SET utf8mb4 COLLATE utf8mb4_0900_ai_ci NULL DEFAULT NULL COMMENT '描述',
  `url` varchar(255) CHARACTER SET utf8mb4 COLLATE utf8mb4_0900_ai_ci NULL DEFAULT NULL COMMENT '权限值',
  `state` int NULL DEFAULT NULL COMMENT '状态',
  `update_time` datetime NULL DEFAULT CURRENT_TIMESTAMP ON UPDATE CURRENT_TIMESTAMP COMMENT '更新时间',
  `create_time` datetime NULL DEFAULT CURRENT_TIMESTAMP COMMENT '创建时间',
  PRIMARY KEY (`permissions_id`) USING BTREE
) ENGINE = InnoDB AUTO_INCREMENT = 10014 CHARACTER SET = utf8mb4 COLLATE = utf8mb4_0900_ai_ci COMMENT = '权限' ROW_FORMAT = DYNAMIC;

-- ----------------------------
-- Records of sys_permissions
-- ----------------------------
INSERT INTO `sys_permissions` VALUES (1, '用户新增', 'sys:user:add', 1, '2024-12-29 02:09:31', '2024-11-18 18:25:06');
INSERT INTO `sys_permissions` VALUES (2, '用户修改', 'sys:user:update', 1, '2024-12-29 02:09:31', '2024-11-18 21:41:19');
INSERT INTO `sys_permissions` VALUES (3, '用户删除', 'sys:user:del', 1, '2024-12-29 02:09:32', '2024-11-18 21:41:50');
INSERT INTO `sys_permissions` VALUES (4, '用户查询', 'sys:user:select', 1, '2024-12-29 02:09:35', '2024-11-18 21:42:11');
INSERT INTO `sys_permissions` VALUES (5, '超级管理', 'sys:admin:all', 1, '2024-12-29 19:08:15', '2024-11-18 21:42:24');
INSERT INTO `sys_permissions` VALUES (6, '其他', 'sys:k:other', 1, '2024-12-29 19:08:13', '2024-11-18 21:42:36');
INSERT INTO `sys_permissions` VALUES (7, '角色查询', 'sys:role:select', 1, '2024-12-29 19:30:16', '2024-12-28 23:54:09');
INSERT INTO `sys_permissions` VALUES (8, '角色删除', 'sys:role:del', 1, '2024-12-29 19:30:13', '2024-12-28 23:54:26');
INSERT INTO `sys_permissions` VALUES (9, '角色新增', 'sys:role:add', 1, '2024-12-29 19:30:12', '2024-12-28 23:54:30');
INSERT INTO `sys_permissions` VALUES (10, '角色更新', 'sys:role:update', 1, '2024-12-29 19:30:12', '2024-12-28 23:54:46');
INSERT INTO `sys_permissions` VALUES (11, '日志查询', 'sys:oplog:select', 1, '2024-12-29 20:28:53', '2024-12-29 20:26:49');
INSERT INTO `sys_permissions` VALUES (12, '日志删除', 'sys:oplog:del', 1, '2024-12-29 20:27:11', '2024-12-29 20:26:59');
INSERT INTO `sys_permissions` VALUES (13, '系统信息', 'sys:info:select', 1, '2024-12-29 20:29:09', '2024-12-29 20:28:40');
INSERT INTO `sys_permissions` VALUES (14, '用户导出', 'sys:user:excel', 1, '2025-01-02 00:31:58', '2025-01-02 00:31:58');
INSERT INTO `sys_permissions` VALUES (15, '管理员导出', 'sys:admin:export', 1, '2025-01-02 00:32:23', '2025-01-02 00:32:23');
INSERT INTO `sys_permissions` VALUES (16, '管理员查询', 'sys:admin:select', 1, '2025-01-02 00:32:59', '2025-01-02 00:32:59');
INSERT INTO `sys_permissions` VALUES (17, '管理员更新', 'sys:admin:update', 1, '2025-01-02 00:33:43', '2025-01-02 00:33:41');
INSERT INTO `sys_permissions` VALUES (18, '菜单查询', 'sys:menu:select', 1, '2025-01-02 00:34:57', '2025-01-02 00:34:57');
INSERT INTO `sys_permissions` VALUES (19, '权限查询', 'sys:permissions:select', 1, '2025-01-02 00:35:45', '2025-01-02 00:35:45');
INSERT INTO `sys_permissions` VALUES (21, '资源删除', 'sys:resources:del', 1, '2025-01-02 00:38:17', '2025-01-02 00:38:09');
INSERT INTO `sys_permissions` VALUES (22, '通用配置删除', 'sys:config:del', 1, '2025-01-02 23:47:29', '2025-01-02 23:46:36');
INSERT INTO `sys_permissions` VALUES (23, '通用配置修改', 'sys:config:update', 1, '2025-01-02 23:47:30', '2025-01-02 23:46:38');
INSERT INTO `sys_permissions` VALUES (24, '通用配置查询', 'sys:config:select', 1, '2025-01-02 23:47:33', '2025-01-02 23:46:40');
INSERT INTO `sys_permissions` VALUES (25, '通用配置新增', 'sys:config:add', 1, '2025-01-02 23:47:34', '2025-01-02 23:46:43');

-- ----------------------------
-- Table structure for sys_permissions_menu
-- ----------------------------
DROP TABLE IF EXISTS `sys_permissions_menu`;
CREATE TABLE `sys_permissions_menu`  (
  `id` int NOT NULL AUTO_INCREMENT COMMENT '主键',
  `permissions_id` int NULL DEFAULT NULL COMMENT '权限id',
  `menu_id` int NULL DEFAULT NULL COMMENT '菜单id',
  PRIMARY KEY (`id`) USING BTREE
) ENGINE = InnoDB CHARACTER SET = utf8mb4 COLLATE = utf8mb4_0900_ai_ci COMMENT = '菜单权限' ROW_FORMAT = Dynamic;

-- ----------------------------
-- Records of sys_permissions_menu
-- ----------------------------
INSERT INTO `sys_permissions_menu` VALUES (1, 1, 4);
INSERT INTO `sys_permissions_menu` VALUES (2, 2, 4);
INSERT INTO `sys_permissions_menu` VALUES (3, 3, 4);
INSERT INTO `sys_permissions_menu` VALUES (4, 4, 4);
INSERT INTO `sys_permissions_menu` VALUES (5, 7, 7);
INSERT INTO `sys_permissions_menu` VALUES (6, 8, 7);
INSERT INTO `sys_permissions_menu` VALUES (7, 9, 7);
INSERT INTO `sys_permissions_menu` VALUES (8, 10, 7);
INSERT INTO `sys_permissions_menu` VALUES (9, 11, 5);
INSERT INTO `sys_permissions_menu` VALUES (10, 12, 5);
INSERT INTO `sys_permissions_menu` VALUES (11, 22, 8);
INSERT INTO `sys_permissions_menu` VALUES (12, 23, 8);
INSERT INTO `sys_permissions_menu` VALUES (13, 24, 8);
INSERT INTO `sys_permissions_menu` VALUES (14, 25, 8);
INSERT INTO `sys_permissions_menu` VALUES (15, 20, 5);
INSERT INTO `sys_permissions_menu` VALUES (16, 15, 3);
INSERT INTO `sys_permissions_menu` VALUES (17, 16, 3);
INSERT INTO `sys_permissions_menu` VALUES (18, 17, 3);
INSERT INTO `sys_permissions_menu` VALUES (19, 14, 4);

-- ----------------------------
-- Table structure for sys_permissions_role
-- ----------------------------
DROP TABLE IF EXISTS `sys_permissions_role`;
CREATE TABLE `sys_permissions_role`  (
  `id` int NOT NULL AUTO_INCREMENT COMMENT '主键id',
  `permissions_id` int NULL DEFAULT NULL COMMENT '权限id',
  `role_id` int NULL DEFAULT NULL COMMENT '角色id',
  PRIMARY KEY (`id`) USING BTREE
) ENGINE = InnoDB AUTO_INCREMENT = 95 CHARACTER SET = utf8mb4 COLLATE = utf8mb4_0900_ai_ci ROW_FORMAT = DYNAMIC;

-- ----------------------------
-- Records of sys_permissions_role
-- ----------------------------
INSERT INTO `sys_permissions_role` VALUES (2, 1, 2);
INSERT INTO `sys_permissions_role` VALUES (5, 2, 2);
INSERT INTO `sys_permissions_role` VALUES (9, 3, 2);
INSERT INTO `sys_permissions_role` VALUES (10, 4, 2);
INSERT INTO `sys_permissions_role` VALUES (50, 6, 2);
INSERT INTO `sys_permissions_role` VALUES (69, 6, 3);
INSERT INTO `sys_permissions_role` VALUES (70, 9, 1);
INSERT INTO `sys_permissions_role` VALUES (71, 10, 1);
INSERT INTO `sys_permissions_role` VALUES (72, 5, 1);
INSERT INTO `sys_permissions_role` VALUES (73, 1, 1);
INSERT INTO `sys_permissions_role` VALUES (74, 6, 1);
INSERT INTO `sys_permissions_role` VALUES (75, 7, 1);
INSERT INTO `sys_permissions_role` VALUES (76, 2, 1);
INSERT INTO `sys_permissions_role` VALUES (77, 8, 1);
INSERT INTO `sys_permissions_role` VALUES (78, 3, 1);
INSERT INTO `sys_permissions_role` VALUES (79, 4, 1);
INSERT INTO `sys_permissions_role` VALUES (80, 11, 1);
INSERT INTO `sys_permissions_role` VALUES (81, 12, 1);
INSERT INTO `sys_permissions_role` VALUES (82, 13, 1);
INSERT INTO `sys_permissions_role` VALUES (83, 14, 1);
INSERT INTO `sys_permissions_role` VALUES (84, 15, 1);
INSERT INTO `sys_permissions_role` VALUES (85, 16, 1);
INSERT INTO `sys_permissions_role` VALUES (86, 17, 1);
INSERT INTO `sys_permissions_role` VALUES (87, 18, 1);
INSERT INTO `sys_permissions_role` VALUES (88, 19, 1);
INSERT INTO `sys_permissions_role` VALUES (89, 20, 1);
INSERT INTO `sys_permissions_role` VALUES (90, 21, 1);
INSERT INTO `sys_permissions_role` VALUES (91, 22, 1);
INSERT INTO `sys_permissions_role` VALUES (92, 23, 1);
INSERT INTO `sys_permissions_role` VALUES (93, 24, 1);
INSERT INTO `sys_permissions_role` VALUES (94, 25, 1);

-- ----------------------------
-- Table structure for sys_resources
-- ----------------------------
DROP TABLE IF EXISTS `sys_resources`;
CREATE TABLE `sys_resources`  (
  `id` bigint UNSIGNED NOT NULL AUTO_INCREMENT COMMENT '静态资源',
  `state` tinyint NULL DEFAULT 0 COMMENT '是否持久,0不持久，1，持久',
  `category` varchar(200) CHARACTER SET utf8mb4 COLLATE utf8mb4_0900_ai_ci NULL DEFAULT NULL COMMENT '存储类型',
  `url` varchar(500) CHARACTER SET utf8mb4 COLLATE utf8mb4_0900_ai_ci NULL DEFAULT NULL COMMENT '存储标识',
  `serve` varchar(200) CHARACTER SET utf8mb4 COLLATE utf8mb4_0900_ai_ci NULL DEFAULT NULL COMMENT '使用的服务类型',
  `create_time` datetime NULL DEFAULT CURRENT_TIMESTAMP COMMENT '创建时间',
  PRIMARY KEY (`id`) USING BTREE
) ENGINE = InnoDB AUTO_INCREMENT = 4 CHARACTER SET = utf8mb4 COLLATE = utf8mb4_0900_ai_ci COMMENT = '静态资源' ROW_FORMAT = Dynamic;

-- ----------------------------
-- Records of sys_resources
-- ----------------------------
INSERT INTO `sys_resources` VALUES (1, 0, NULL, 'http://localhost:9090/store/3f68b10f-e28c-4a20-8602-40e451390c1b', 'LOCAL', '2025-01-04 00:55:13');
INSERT INTO `sys_resources` VALUES (2, 0, NULL, 'http://localhost:9090/store/71eda051-427b-4048-b0d4-c38a8926e3e0', 'LOCAL', '2025-01-04 01:01:44');
INSERT INTO `sys_resources` VALUES (3, 0, NULL, 'http://localhost:9090/store/b1382b9b-bb01-4373-b5ed-8d3864d29be0', 'LOCAL', '2025-01-04 01:04:16');
INSERT INTO `sys_resources` VALUES (4, 0, 'IMG', 'http://localhost:9090/store/4038de4b-e959-4c44-8805-938871bdf656', 'LOCAL', '2025-01-04 01:11:28');
INSERT INTO `sys_resources` VALUES (5, 0, 'IMG', 'http://localhost:9090/store/a6c82852-b35e-4aaa-9890-b6f95b91c286', 'LOCAL', '2025-01-04 22:45:25');

-- ----------------------------
-- Table structure for sys_role
-- ----------------------------
DROP TABLE IF EXISTS `sys_role`;
CREATE TABLE `sys_role`  (
  `role_id` int NOT NULL AUTO_INCREMENT COMMENT '主键id',
  `role_name` varchar(255) CHARACTER SET utf8mb4 COLLATE utf8mb4_0900_ai_ci NULL DEFAULT NULL COMMENT '角色名',
  `role_value` int UNSIGNED NULL DEFAULT NULL COMMENT '权限值',
  `create_time` datetime NULL DEFAULT CURRENT_TIMESTAMP COMMENT '创建时间',
  `update_time` datetime NULL DEFAULT CURRENT_TIMESTAMP ON UPDATE CURRENT_TIMESTAMP COMMENT '更新时间',
  `state` tinyint NULL DEFAULT NULL COMMENT '状态',
  PRIMARY KEY (`role_id`) USING BTREE
) ENGINE = InnoDB AUTO_INCREMENT = 128 CHARACTER SET = utf8mb4 COLLATE = utf8mb4_0900_ai_ci COMMENT = '角色' ROW_FORMAT = DYNAMIC;

-- ----------------------------
-- Records of sys_role
-- ----------------------------
INSERT INTO `sys_role` VALUES (1, 'superAdmin', 9999, '2023-01-01 00:00:00', '2025-01-01 16:49:08', 1);
INSERT INTO `sys_role` VALUES (2, 'admin', 999, '2023-01-01 00:00:00', '2025-01-01 16:48:57', 1);
INSERT INTO `sys_role` VALUES (3, 'ordinaryUsers', 10, '2023-01-01 00:00:00', '2025-01-24 16:45:59', 1);

-- ----------------------------
-- Table structure for sys_role_menu
-- ----------------------------
DROP TABLE IF EXISTS `sys_role_menu`;
CREATE TABLE `sys_role_menu`  (
  `role_menu_id` int NOT NULL AUTO_INCREMENT COMMENT '主键',
  `menu_id` int NULL DEFAULT NULL COMMENT '菜单id',
  `role_id` int NULL DEFAULT NULL COMMENT '角色id',
  PRIMARY KEY (`role_menu_id`) USING BTREE
) ENGINE = InnoDB AUTO_INCREMENT = 17 CHARACTER SET = utf8mb4 COLLATE = utf8mb4_0900_ai_ci COMMENT = '角色菜单关联表' ROW_FORMAT = DYNAMIC;

-- ----------------------------
-- Records of sys_role_menu
-- ----------------------------
INSERT INTO `sys_role_menu` VALUES (1, 1, 1);
INSERT INTO `sys_role_menu` VALUES (2, 2, 1);
INSERT INTO `sys_role_menu` VALUES (3, 3, 1);
INSERT INTO `sys_role_menu` VALUES (4, 4, 1);
INSERT INTO `sys_role_menu` VALUES (5, 1, 2);
INSERT INTO `sys_role_menu` VALUES (6, 2, 2);
INSERT INTO `sys_role_menu` VALUES (7, 3, 2);
INSERT INTO `sys_role_menu` VALUES (8, 4, 2);
INSERT INTO `sys_role_menu` VALUES (9, 5, 1);
INSERT INTO `sys_role_menu` VALUES (10, 6, 1);
INSERT INTO `sys_role_menu` VALUES (11, 7, 1);
INSERT INTO `sys_role_menu` VALUES (12, 5, 2);
INSERT INTO `sys_role_menu` VALUES (13, 6, 2);
INSERT INTO `sys_role_menu` VALUES (14, 8, 1);
INSERT INTO `sys_role_menu` VALUES (16, 8, 2);

-- ----------------------------
-- Table structure for sys_role_user
-- ----------------------------
DROP TABLE IF EXISTS `sys_role_user`;
CREATE TABLE `sys_role_user`  (
  `id` bigint NOT NULL AUTO_INCREMENT COMMENT '主键id',
  `user_id` bigint NULL DEFAULT NULL COMMENT '用户id',
  `role_id` int NULL DEFAULT NULL COMMENT '角色id',
  `create_time` datetime NULL DEFAULT CURRENT_TIMESTAMP COMMENT '创建时间',
  `update_time` datetime NULL DEFAULT CURRENT_TIMESTAMP ON UPDATE CURRENT_TIMESTAMP COMMENT '更新时间',
  PRIMARY KEY (`id`) USING BTREE,
  UNIQUE INDEX `user`(`user_id` ASC, `role_id` ASC) USING BTREE
) ENGINE = InnoDB AUTO_INCREMENT = 1085 CHARACTER SET = utf8mb4 COLLATE = utf8mb4_0900_ai_ci COMMENT = '角色用户关联表' ROW_FORMAT = DYNAMIC;

-- ----------------------------
-- Records of sys_role_user
-- ----------------------------
INSERT INTO `sys_role_user` VALUES (6, 6, 2, '2023-08-03 13:51:52', '2024-10-22 14:49:00');
INSERT INTO `sys_role_user` VALUES (14, 14, 2, '2023-08-20 18:36:16', '2024-10-22 14:44:54');
INSERT INTO `sys_role_user` VALUES (15, 15, 2, '2023-06-28 10:11:02', '2023-10-30 12:43:22');
INSERT INTO `sys_role_user` VALUES (17, 17, 2, '2023-09-27 08:02:58', '2024-10-22 14:44:59');
INSERT INTO `sys_role_user` VALUES (20, 20, 2, '2023-07-29 19:49:03', '2024-10-22 14:49:05');
INSERT INTO `sys_role_user` VALUES (23, 488, 3, '2024-06-01 11:07:32', '2023-01-24 00:12:43');
INSERT INTO `sys_role_user` VALUES (25, 631, 3, '2023-06-01 05:45:54', '2024-03-06 05:24:35');
INSERT INTO `sys_role_user` VALUES (26, 72, 3, '2023-03-04 07:53:56', '2023-05-29 13:56:17');
INSERT INTO `sys_role_user` VALUES (28, 835, 3, '2023-08-01 04:14:36', '2023-03-29 19:52:58');
INSERT INTO `sys_role_user` VALUES (30, 328, 3, '2023-08-20 22:15:32', '2024-05-05 02:00:17');
INSERT INTO `sys_role_user` VALUES (32, 392, 3, '2024-01-08 12:53:13', '2024-01-20 23:32:49');
INSERT INTO `sys_role_user` VALUES (34, 641, 3, '2024-07-23 19:07:19', '2024-06-19 17:24:31');
INSERT INTO `sys_role_user` VALUES (36, 636, 3, '2023-12-11 08:14:15', '2024-02-15 16:18:07');
INSERT INTO `sys_role_user` VALUES (37, 102, 3, '2023-04-23 08:13:26', '2024-07-09 02:42:24');
INSERT INTO `sys_role_user` VALUES (43, 678, 3, '2024-05-07 13:57:43', '2023-08-01 22:09:49');
INSERT INTO `sys_role_user` VALUES (52, 203, 3, '2023-10-15 08:51:55', '2024-03-06 01:48:09');
INSERT INTO `sys_role_user` VALUES (54, 70, 3, '2023-12-14 18:33:02', '2024-01-11 21:29:21');
INSERT INTO `sys_role_user` VALUES (56, 473, 3, '2024-03-17 05:57:29', '2024-03-09 01:38:31');
INSERT INTO `sys_role_user` VALUES (57, 261, 3, '2023-10-17 04:25:24', '2023-10-16 15:15:42');
INSERT INTO `sys_role_user` VALUES (59, 685, 3, '2024-07-22 09:33:36', '2024-01-19 17:44:42');
INSERT INTO `sys_role_user` VALUES (60, 195, 3, '2023-06-05 03:40:47', '2023-07-17 07:52:56');
INSERT INTO `sys_role_user` VALUES (61, 504, 3, '2024-02-26 09:34:23', '2023-05-25 17:48:09');
INSERT INTO `sys_role_user` VALUES (63, 514, 3, '2023-06-13 18:56:04', '2024-01-13 06:49:24');
INSERT INTO `sys_role_user` VALUES (64, 380, 3, '2023-08-21 09:31:47', '2024-04-20 04:32:41');
INSERT INTO `sys_role_user` VALUES (65, 519, 3, '2024-09-28 04:47:47', '2024-03-07 09:36:05');
INSERT INTO `sys_role_user` VALUES (66, 135, 3, '2023-07-19 12:28:05', '2024-05-15 01:43:32');
INSERT INTO `sys_role_user` VALUES (67, 292, 3, '2024-08-12 09:48:32', '2023-03-22 09:32:30');
INSERT INTO `sys_role_user` VALUES (68, 656, 3, '2024-02-09 11:57:28', '2024-09-19 22:59:13');
INSERT INTO `sys_role_user` VALUES (71, 119, 3, '2023-02-14 19:07:21', '2024-03-27 06:54:22');
INSERT INTO `sys_role_user` VALUES (76, 353, 3, '2024-08-13 07:02:59', '2024-05-30 09:23:20');
INSERT INTO `sys_role_user` VALUES (77, 564, 3, '2023-10-10 00:44:16', '2024-04-13 04:41:19');
INSERT INTO `sys_role_user` VALUES (79, 807, 3, '2023-06-03 14:56:23', '2023-06-09 11:22:50');
INSERT INTO `sys_role_user` VALUES (80, 233, 3, '2023-12-05 00:52:44', '2023-02-28 05:47:08');
INSERT INTO `sys_role_user` VALUES (83, 43, 3, '2023-03-01 00:48:11', '2023-05-03 11:04:59');
INSERT INTO `sys_role_user` VALUES (84, 966, 3, '2023-11-17 21:35:30', '2023-07-11 01:47:43');
INSERT INTO `sys_role_user` VALUES (85, 710, 3, '2023-05-23 14:13:40', '2023-02-09 02:33:53');
INSERT INTO `sys_role_user` VALUES (87, 763, 3, '2023-05-13 07:05:45', '2024-05-09 00:53:27');
INSERT INTO `sys_role_user` VALUES (88, 283, 3, '2023-02-13 00:26:56', '2023-02-24 05:34:28');
INSERT INTO `sys_role_user` VALUES (92, 463, 3, '2023-06-11 00:09:49', '2023-08-11 00:08:30');
INSERT INTO `sys_role_user` VALUES (95, 968, 3, '2023-01-05 23:22:27', '2024-03-15 10:10:14');
INSERT INTO `sys_role_user` VALUES (100, 779, 3, '2023-10-15 21:56:43', '2024-09-17 05:47:10');
INSERT INTO `sys_role_user` VALUES (102, 548, 3, '2024-04-04 04:08:01', '2023-11-29 22:56:33');
INSERT INTO `sys_role_user` VALUES (105, 403, 3, '2023-04-27 21:43:24', '2023-12-13 19:24:48');
INSERT INTO `sys_role_user` VALUES (109, 71, 3, '2024-04-26 16:59:50', '2024-02-19 01:35:08');
INSERT INTO `sys_role_user` VALUES (111, 989, 3, '2023-09-07 22:51:14', '2023-12-30 23:29:07');
INSERT INTO `sys_role_user` VALUES (116, 659, 3, '2024-09-05 10:45:56', '2024-08-02 19:22:35');
INSERT INTO `sys_role_user` VALUES (118, 48, 3, '2024-07-14 20:18:45', '2024-10-08 15:16:39');
INSERT INTO `sys_role_user` VALUES (119, 741, 3, '2024-03-24 11:00:54', '2023-01-14 14:23:57');
INSERT INTO `sys_role_user` VALUES (120, 584, 3, '2023-10-18 14:19:30', '2023-04-18 06:10:00');
INSERT INTO `sys_role_user` VALUES (121, 320, 3, '2023-04-23 01:20:24', '2023-01-26 05:17:33');
INSERT INTO `sys_role_user` VALUES (122, 447, 3, '2024-09-21 02:54:20', '2024-04-02 16:24:43');
INSERT INTO `sys_role_user` VALUES (124, 238, 3, '2024-07-02 09:04:30', '2024-10-06 03:19:23');
INSERT INTO `sys_role_user` VALUES (125, 747, 3, '2023-06-22 22:11:18', '2023-12-15 10:13:00');
INSERT INTO `sys_role_user` VALUES (126, 304, 3, '2024-04-11 20:14:55', '2023-11-20 23:36:20');
INSERT INTO `sys_role_user` VALUES (130, 544, 3, '2023-02-23 02:43:03', '2024-10-20 17:12:43');
INSERT INTO `sys_role_user` VALUES (132, 740, 3, '2023-03-22 04:46:56', '2024-04-28 09:49:20');
INSERT INTO `sys_role_user` VALUES (134, 228, 3, '2023-10-08 04:19:00', '2023-02-07 04:24:06');
INSERT INTO `sys_role_user` VALUES (135, 772, 3, '2023-09-25 08:04:22', '2023-12-16 05:59:46');
INSERT INTO `sys_role_user` VALUES (138, 952, 3, '2023-08-29 05:27:23', '2024-04-25 08:47:13');
INSERT INTO `sys_role_user` VALUES (139, 438, 3, '2024-05-08 15:08:24', '2024-03-24 05:49:52');
INSERT INTO `sys_role_user` VALUES (140, 372, 3, '2024-07-10 12:25:20', '2024-08-18 20:44:13');
INSERT INTO `sys_role_user` VALUES (141, 906, 3, '2024-07-19 03:13:14', '2023-10-26 05:07:37');
INSERT INTO `sys_role_user` VALUES (143, 123, 3, '2023-07-10 14:51:36', '2024-05-11 01:59:58');
INSERT INTO `sys_role_user` VALUES (148, 296, 3, '2024-03-27 10:19:12', '2024-09-03 17:42:43');
INSERT INTO `sys_role_user` VALUES (152, 381, 3, '2024-09-18 19:16:54', '2024-10-10 11:05:12');
INSERT INTO `sys_role_user` VALUES (156, 191, 3, '2023-02-26 11:16:55', '2023-05-01 05:04:25');
INSERT INTO `sys_role_user` VALUES (157, 850, 3, '2024-05-07 22:33:43', '2023-04-11 09:55:06');
INSERT INTO `sys_role_user` VALUES (159, 162, 3, '2024-03-26 12:10:58', '2023-03-18 18:06:03');
INSERT INTO `sys_role_user` VALUES (160, 569, 3, '2023-05-03 06:54:50', '2023-01-05 13:42:19');
INSERT INTO `sys_role_user` VALUES (161, 266, 3, '2023-04-28 06:26:34', '2024-09-11 14:02:12');
INSERT INTO `sys_role_user` VALUES (162, 993, 3, '2023-11-03 22:42:55', '2023-04-14 03:17:37');
INSERT INTO `sys_role_user` VALUES (163, 841, 3, '2024-10-11 13:34:54', '2024-01-18 22:04:56');
INSERT INTO `sys_role_user` VALUES (164, 658, 3, '2023-11-21 22:09:18', '2024-02-29 15:22:21');
INSERT INTO `sys_role_user` VALUES (165, 661, 3, '2023-11-10 15:20:50', '2023-03-22 02:03:58');
INSERT INTO `sys_role_user` VALUES (166, 400, 3, '2023-04-17 01:09:09', '2024-07-24 06:02:07');
INSERT INTO `sys_role_user` VALUES (167, 22, 3, '2023-11-17 00:12:13', '2023-06-04 04:52:25');
INSERT INTO `sys_role_user` VALUES (169, 589, 3, '2024-05-14 23:09:48', '2024-09-14 20:11:42');
INSERT INTO `sys_role_user` VALUES (170, 999, 3, '2024-05-18 06:11:11', '2024-09-24 13:22:09');
INSERT INTO `sys_role_user` VALUES (175, 734, 3, '2024-03-13 14:22:01', '2024-01-04 15:41:20');
INSERT INTO `sys_role_user` VALUES (176, 78, 3, '2023-06-27 20:31:00', '2023-01-22 15:52:30');
INSERT INTO `sys_role_user` VALUES (177, 626, 3, '2023-11-14 21:42:52', '2023-08-29 18:42:41');
INSERT INTO `sys_role_user` VALUES (178, 818, 3, '2024-08-16 23:57:28', '2024-10-03 18:48:02');
INSERT INTO `sys_role_user` VALUES (181, 85, 3, '2023-02-02 18:35:26', '2023-10-08 01:44:30');
INSERT INTO `sys_role_user` VALUES (185, 456, 3, '2024-02-21 20:56:27', '2024-07-01 06:48:11');
INSERT INTO `sys_role_user` VALUES (186, 717, 3, '2024-04-13 07:27:51', '2024-05-10 15:52:23');
INSERT INTO `sys_role_user` VALUES (188, 864, 3, '2023-07-04 18:55:51', '2023-01-25 08:57:12');
INSERT INTO `sys_role_user` VALUES (189, 159, 3, '2024-03-26 07:50:05', '2023-01-11 16:36:24');
INSERT INTO `sys_role_user` VALUES (191, 237, 3, '2024-06-22 08:48:00', '2023-11-28 12:59:05');
INSERT INTO `sys_role_user` VALUES (193, 665, 3, '2024-01-27 14:49:00', '2024-01-26 19:16:19');
INSERT INTO `sys_role_user` VALUES (195, 156, 3, '2023-02-10 04:18:28', '2023-10-07 13:32:15');
INSERT INTO `sys_role_user` VALUES (197, 969, 3, '2024-04-03 14:50:16', '2024-04-28 04:10:40');
INSERT INTO `sys_role_user` VALUES (198, 571, 3, '2024-06-11 18:36:08', '2023-01-15 16:42:42');
INSERT INTO `sys_role_user` VALUES (200, 113, 3, '2023-01-18 03:13:49', '2023-12-01 07:19:58');
INSERT INTO `sys_role_user` VALUES (201, 500, 3, '2023-09-12 19:13:53', '2024-10-10 05:18:32');
INSERT INTO `sys_role_user` VALUES (203, 994, 3, '2023-11-19 13:00:25', '2023-03-23 14:43:23');
INSERT INTO `sys_role_user` VALUES (205, 853, 3, '2023-10-02 19:13:32', '2023-01-08 10:09:28');
INSERT INTO `sys_role_user` VALUES (210, 326, 3, '2023-04-20 16:50:00', '2024-02-10 05:57:06');
INSERT INTO `sys_role_user` VALUES (213, 670, 3, '2024-10-20 21:17:34', '2024-09-20 11:27:58');
INSERT INTO `sys_role_user` VALUES (214, 574, 3, '2024-07-17 00:37:13', '2024-05-22 19:12:08');
INSERT INTO `sys_role_user` VALUES (215, 535, 3, '2023-11-11 16:41:59', '2023-08-31 18:51:24');
INSERT INTO `sys_role_user` VALUES (216, 543, 3, '2023-06-26 13:55:48', '2023-03-02 17:45:12');
INSERT INTO `sys_role_user` VALUES (217, 197, 3, '2024-02-12 23:20:16', '2023-09-05 11:32:59');
INSERT INTO `sys_role_user` VALUES (218, 833, 3, '2024-08-31 23:11:39', '2023-01-22 21:50:59');
INSERT INTO `sys_role_user` VALUES (220, 160, 3, '2024-07-20 11:06:46', '2024-04-21 13:46:18');
INSERT INTO `sys_role_user` VALUES (221, 693, 3, '2023-03-24 02:43:10', '2023-10-17 12:24:01');
INSERT INTO `sys_role_user` VALUES (223, 826, 3, '2024-05-20 13:18:54', '2023-06-25 11:21:58');
INSERT INTO `sys_role_user` VALUES (225, 357, 3, '2023-07-10 11:17:57', '2023-07-05 14:05:43');
INSERT INTO `sys_role_user` VALUES (226, 147, 3, '2024-08-23 17:44:47', '2023-10-21 06:34:09');
INSERT INTO `sys_role_user` VALUES (228, 54, 3, '2024-07-06 06:19:28', '2024-03-27 06:53:55');
INSERT INTO `sys_role_user` VALUES (229, 402, 3, '2023-05-25 23:22:53', '2023-03-24 11:39:51');
INSERT INTO `sys_role_user` VALUES (230, 561, 3, '2024-06-21 15:07:03', '2023-10-30 01:26:42');
INSERT INTO `sys_role_user` VALUES (235, 258, 3, '2023-04-03 01:59:42', '2023-09-02 03:26:11');
INSERT INTO `sys_role_user` VALUES (237, 168, 3, '2023-05-18 02:05:56', '2024-08-16 10:40:05');
INSERT INTO `sys_role_user` VALUES (239, 413, 3, '2024-03-19 11:49:50', '2023-08-27 05:50:29');
INSERT INTO `sys_role_user` VALUES (241, 387, 3, '2023-05-30 06:31:21', '2023-09-09 13:33:39');
INSERT INTO `sys_role_user` VALUES (242, 143, 3, '2023-04-27 17:52:12', '2024-02-15 06:33:43');
INSERT INTO `sys_role_user` VALUES (251, 556, 3, '2023-04-14 00:33:46', '2023-03-13 02:09:42');
INSERT INTO `sys_role_user` VALUES (253, 312, 3, '2024-07-09 13:11:02', '2023-01-26 10:49:49');
INSERT INTO `sys_role_user` VALUES (254, 903, 3, '2023-09-09 08:02:48', '2024-10-06 06:15:37');
INSERT INTO `sys_role_user` VALUES (256, 560, 3, '2023-01-27 06:23:12', '2024-05-30 05:59:58');
INSERT INTO `sys_role_user` VALUES (259, 319, 3, '2023-12-30 21:28:40', '2024-05-17 19:16:45');
INSERT INTO `sys_role_user` VALUES (260, 908, 3, '2024-01-29 11:29:50', '2024-01-01 00:36:00');
INSERT INTO `sys_role_user` VALUES (262, 731, 3, '2023-04-15 14:43:13', '2024-07-12 10:57:09');
INSERT INTO `sys_role_user` VALUES (265, 251, 3, '2024-02-29 14:43:10', '2024-06-03 16:33:49');
INSERT INTO `sys_role_user` VALUES (266, 925, 3, '2023-02-26 05:04:21', '2023-08-11 09:37:09');
INSERT INTO `sys_role_user` VALUES (267, 955, 3, '2024-01-10 19:47:25', '2023-11-25 02:53:19');
INSERT INTO `sys_role_user` VALUES (269, 422, 3, '2023-09-10 10:30:43', '2023-04-04 21:58:37');
INSERT INTO `sys_role_user` VALUES (270, 262, 3, '2024-01-26 23:43:17', '2024-01-23 17:27:16');
INSERT INTO `sys_role_user` VALUES (271, 188, 3, '2023-11-20 01:39:20', '2024-07-01 19:46:17');
INSERT INTO `sys_role_user` VALUES (278, 303, 3, '2024-01-17 17:35:03', '2023-09-24 17:15:05');
INSERT INTO `sys_role_user` VALUES (279, 872, 3, '2023-11-05 00:53:52', '2023-01-10 10:16:46');
INSERT INTO `sys_role_user` VALUES (280, 858, 3, '2023-08-07 16:56:34', '2023-02-28 11:30:52');
INSERT INTO `sys_role_user` VALUES (285, 645, 3, '2023-08-02 18:06:41', '2023-05-23 17:16:46');
INSERT INTO `sys_role_user` VALUES (286, 499, 3, '2024-02-09 10:44:16', '2023-05-28 19:27:00');
INSERT INTO `sys_role_user` VALUES (288, 127, 3, '2024-05-06 20:56:10', '2023-01-23 06:16:45');
INSERT INTO `sys_role_user` VALUES (289, 232, 3, '2023-05-12 12:05:33', '2024-08-18 11:01:17');
INSERT INTO `sys_role_user` VALUES (291, 987, 3, '2024-05-29 04:27:27', '2023-11-15 15:37:11');
INSERT INTO `sys_role_user` VALUES (293, 347, 3, '2024-05-23 21:15:19', '2024-01-22 23:42:16');
INSERT INTO `sys_role_user` VALUES (294, 291, 3, '2024-02-09 17:43:42', '2023-03-10 08:45:17');
INSERT INTO `sys_role_user` VALUES (302, 338, 3, '2024-05-13 10:05:56', '2023-11-24 11:24:00');
INSERT INTO `sys_role_user` VALUES (306, 510, 3, '2023-03-09 20:20:02', '2024-04-09 18:10:56');
INSERT INTO `sys_role_user` VALUES (307, 859, 3, '2024-08-07 16:45:41', '2023-12-13 04:10:20');
INSERT INTO `sys_role_user` VALUES (309, 142, 3, '2023-09-17 07:50:55', '2023-12-03 21:38:04');
INSERT INTO `sys_role_user` VALUES (311, 920, 3, '2024-09-24 10:52:20', '2024-01-19 13:40:37');
INSERT INTO `sys_role_user` VALUES (313, 736, 3, '2023-08-14 23:17:54', '2023-07-12 22:42:52');
INSERT INTO `sys_role_user` VALUES (317, 819, 3, '2024-09-03 17:28:52', '2023-02-12 17:01:46');
INSERT INTO `sys_role_user` VALUES (321, 737, 3, '2023-12-20 21:46:04', '2023-10-01 09:06:37');
INSERT INTO `sys_role_user` VALUES (323, 409, 3, '2023-07-19 10:45:17', '2023-10-15 21:25:37');
INSERT INTO `sys_role_user` VALUES (324, 796, 3, '2023-10-16 07:27:31', '2023-11-26 04:45:55');
INSERT INTO `sys_role_user` VALUES (325, 132, 3, '2023-08-17 19:12:45', '2023-07-03 08:34:19');
INSERT INTO `sys_role_user` VALUES (326, 867, 3, '2024-07-14 20:30:20', '2023-04-19 23:15:34');
INSERT INTO `sys_role_user` VALUES (329, 424, 3, '2024-10-11 05:18:31', '2024-05-10 02:04:08');
INSERT INTO `sys_role_user` VALUES (330, 860, 3, '2023-02-24 16:44:58', '2023-11-21 18:14:59');
INSERT INTO `sys_role_user` VALUES (332, 485, 3, '2024-04-16 01:46:21', '2023-03-25 06:54:55');
INSERT INTO `sys_role_user` VALUES (336, 307, 3, '2023-02-25 15:57:05', '2023-01-07 23:29:43');
INSERT INTO `sys_role_user` VALUES (338, 651, 3, '2024-07-17 04:00:04', '2024-10-13 02:26:07');
INSERT INTO `sys_role_user` VALUES (339, 733, 3, '2023-05-21 22:46:04', '2023-03-31 23:38:24');
INSERT INTO `sys_role_user` VALUES (341, 828, 3, '2024-05-19 16:28:02', '2024-05-20 02:10:48');
INSERT INTO `sys_role_user` VALUES (342, 868, 3, '2023-12-14 14:20:56', '2023-12-27 06:14:34');
INSERT INTO `sys_role_user` VALUES (344, 830, 3, '2024-01-05 10:06:51', '2024-09-29 18:51:15');
INSERT INTO `sys_role_user` VALUES (346, 130, 3, '2024-03-17 19:48:10', '2023-07-29 20:42:45');
INSERT INTO `sys_role_user` VALUES (347, 810, 3, '2024-09-13 03:48:25', '2024-07-27 04:42:17');
INSERT INTO `sys_role_user` VALUES (348, 840, 3, '2023-06-10 21:16:23', '2023-12-25 18:37:22');
INSERT INTO `sys_role_user` VALUES (349, 683, 3, '2024-01-13 05:57:51', '2024-08-08 22:27:22');
INSERT INTO `sys_role_user` VALUES (353, 68, 3, '2023-11-19 04:53:24', '2024-01-09 20:36:21');
INSERT INTO `sys_role_user` VALUES (354, 866, 3, '2024-02-25 18:31:43', '2024-05-16 18:25:16');
INSERT INTO `sys_role_user` VALUES (358, 785, 3, '2023-01-19 19:32:32', '2024-09-21 09:59:00');
INSERT INTO `sys_role_user` VALUES (360, 248, 3, '2024-04-28 21:14:18', '2024-01-20 15:09:28');
INSERT INTO `sys_role_user` VALUES (361, 541, 3, '2024-02-12 16:49:15', '2024-08-16 02:11:57');
INSERT INTO `sys_role_user` VALUES (362, 36, 3, '2023-04-13 18:38:43', '2024-03-18 06:17:35');
INSERT INTO `sys_role_user` VALUES (363, 137, 3, '2024-10-15 06:42:25', '2023-03-25 11:58:29');
INSERT INTO `sys_role_user` VALUES (366, 990, 3, '2023-08-10 12:55:21', '2024-10-17 12:02:15');
INSERT INTO `sys_role_user` VALUES (368, 126, 3, '2023-04-09 07:38:56', '2023-09-29 13:57:08');
INSERT INTO `sys_role_user` VALUES (369, 313, 3, '2023-07-06 21:36:57', '2024-08-30 15:02:11');
INSERT INTO `sys_role_user` VALUES (372, 711, 3, '2023-06-26 12:43:52', '2024-01-22 16:51:04');
INSERT INTO `sys_role_user` VALUES (376, 616, 3, '2023-02-16 17:38:12', '2024-06-23 17:56:34');
INSERT INTO `sys_role_user` VALUES (378, 1000, 3, '2024-02-20 08:42:22', '2023-10-06 07:49:24');
INSERT INTO `sys_role_user` VALUES (380, 618, 3, '2024-07-09 00:26:57', '2024-09-19 13:08:20');
INSERT INTO `sys_role_user` VALUES (383, 199, 3, '2024-06-06 06:10:28', '2024-10-12 16:48:06');
INSERT INTO `sys_role_user` VALUES (384, 838, 3, '2023-06-30 19:16:49', '2023-09-17 05:12:36');
INSERT INTO `sys_role_user` VALUES (385, 391, 3, '2024-01-08 11:59:00', '2023-03-04 17:58:08');
INSERT INTO `sys_role_user` VALUES (386, 750, 3, '2024-01-17 11:37:04', '2023-10-04 18:43:35');
INSERT INTO `sys_role_user` VALUES (387, 777, 3, '2023-08-30 19:13:01', '2023-09-14 21:46:38');
INSERT INTO `sys_role_user` VALUES (388, 975, 3, '2024-06-06 08:58:05', '2024-09-14 04:46:47');
INSERT INTO `sys_role_user` VALUES (390, 505, 3, '2023-09-06 10:04:02', '2023-07-08 14:17:55');
INSERT INTO `sys_role_user` VALUES (391, 101, 3, '2024-02-15 02:14:17', '2023-12-12 14:26:54');
INSERT INTO `sys_role_user` VALUES (392, 706, 3, '2023-06-05 19:49:40', '2024-08-13 04:03:16');
INSERT INTO `sys_role_user` VALUES (393, 793, 3, '2024-10-10 07:09:11', '2024-04-07 23:04:18');
INSERT INTO `sys_role_user` VALUES (394, 371, 3, '2024-01-25 03:04:57', '2023-11-30 19:31:27');
INSERT INTO `sys_role_user` VALUES (395, 752, 3, '2024-10-05 17:55:48', '2023-12-30 14:49:13');
INSERT INTO `sys_role_user` VALUES (396, 716, 3, '2023-02-20 18:32:59', '2023-07-07 14:52:26');
INSERT INTO `sys_role_user` VALUES (398, 754, 3, '2023-11-13 03:03:19', '2023-02-19 08:22:00');
INSERT INTO `sys_role_user` VALUES (399, 198, 3, '2024-02-29 12:31:20', '2023-05-27 11:41:36');
INSERT INTO `sys_role_user` VALUES (400, 566, 3, '2024-05-04 05:20:33', '2024-02-20 18:37:11');
INSERT INTO `sys_role_user` VALUES (402, 988, 3, '2024-01-14 23:36:42', '2024-08-01 05:44:42');
INSERT INTO `sys_role_user` VALUES (404, 931, 3, '2023-03-20 23:51:07', '2024-01-12 10:15:09');
INSERT INTO `sys_role_user` VALUES (406, 367, 3, '2023-10-29 01:15:32', '2024-10-15 00:46:06');
INSERT INTO `sys_role_user` VALUES (407, 474, 3, '2023-12-05 09:19:11', '2023-03-09 10:54:41');
INSERT INTO `sys_role_user` VALUES (409, 401, 3, '2023-01-05 12:02:07', '2023-04-10 15:35:54');
INSERT INTO `sys_role_user` VALUES (411, 895, 3, '2023-04-13 15:52:50', '2023-03-31 18:44:14');
INSERT INTO `sys_role_user` VALUES (413, 82, 3, '2023-02-19 12:16:58', '2023-02-26 21:54:59');
INSERT INTO `sys_role_user` VALUES (416, 823, 3, '2023-12-07 01:34:07', '2023-04-30 09:35:24');
INSERT INTO `sys_role_user` VALUES (419, 98, 3, '2024-04-10 03:55:04', '2023-11-02 06:45:12');
INSERT INTO `sys_role_user` VALUES (420, 991, 3, '2024-09-10 09:34:05', '2024-07-11 02:08:07');
INSERT INTO `sys_role_user` VALUES (421, 182, 3, '2023-02-08 17:03:34', '2024-03-02 06:29:34');
INSERT INTO `sys_role_user` VALUES (422, 26, 3, '2023-10-31 10:41:07', '2023-03-29 15:55:40');
INSERT INTO `sys_role_user` VALUES (423, 383, 3, '2023-06-14 12:46:48', '2023-08-28 23:55:23');
INSERT INTO `sys_role_user` VALUES (424, 801, 3, '2023-04-28 05:53:03', '2024-02-21 17:40:32');
INSERT INTO `sys_role_user` VALUES (428, 935, 3, '2023-09-22 02:43:19', '2024-07-13 02:26:08');
INSERT INTO `sys_role_user` VALUES (434, 552, 3, '2023-02-04 22:07:36', '2023-10-15 20:38:29');
INSERT INTO `sys_role_user` VALUES (435, 813, 3, '2023-09-26 05:51:12', '2023-05-10 06:37:59');
INSERT INTO `sys_role_user` VALUES (436, 440, 3, '2024-03-27 09:47:31', '2024-01-31 18:58:53');
INSERT INTO `sys_role_user` VALUES (437, 297, 3, '2024-08-18 10:45:00', '2024-07-31 09:49:16');
INSERT INTO `sys_role_user` VALUES (438, 211, 3, '2023-12-02 02:53:40', '2023-03-01 09:17:30');
INSERT INTO `sys_role_user` VALUES (439, 294, 3, '2023-11-25 19:54:31', '2023-08-29 03:29:15');
INSERT INTO `sys_role_user` VALUES (442, 425, 3, '2024-08-21 14:38:29', '2024-08-14 10:51:00');
INSERT INTO `sys_role_user` VALUES (443, 679, 3, '2023-10-22 05:36:57', '2023-07-07 18:49:44');
INSERT INTO `sys_role_user` VALUES (444, 620, 3, '2024-01-05 18:42:04', '2023-09-30 04:15:38');
INSERT INTO `sys_role_user` VALUES (446, 527, 3, '2023-02-27 21:21:14', '2024-09-09 19:46:16');
INSERT INTO `sys_role_user` VALUES (447, 814, 3, '2024-02-05 18:17:26', '2023-09-05 12:16:22');
INSERT INTO `sys_role_user` VALUES (449, 953, 3, '2023-01-19 23:04:57', '2023-07-07 21:50:23');
INSERT INTO `sys_role_user` VALUES (450, 735, 3, '2024-05-03 00:06:28', '2024-10-06 17:06:38');
INSERT INTO `sys_role_user` VALUES (451, 627, 3, '2023-07-18 22:52:59', '2023-06-08 12:19:10');
INSERT INTO `sys_role_user` VALUES (453, 66, 3, '2024-07-15 01:21:11', '2024-08-15 15:06:13');
INSERT INTO `sys_role_user` VALUES (455, 350, 3, '2024-01-10 14:05:02', '2024-09-07 05:59:58');
INSERT INTO `sys_role_user` VALUES (456, 96, 3, '2024-03-22 09:47:09', '2023-03-30 11:46:15');
INSERT INTO `sys_role_user` VALUES (465, 599, 3, '2024-03-13 18:41:09', '2023-11-23 23:57:09');
INSERT INTO `sys_role_user` VALUES (466, 891, 3, '2024-04-09 07:49:00', '2023-03-15 02:32:03');
INSERT INTO `sys_role_user` VALUES (468, 691, 3, '2023-02-28 17:03:21', '2024-08-15 18:10:52');
INSERT INTO `sys_role_user` VALUES (469, 682, 3, '2023-06-24 06:41:50', '2024-04-12 05:04:39');
INSERT INTO `sys_role_user` VALUES (470, 63, 3, '2023-08-14 07:10:44', '2024-09-21 11:26:04');
INSERT INTO `sys_role_user` VALUES (471, 277, 3, '2024-04-11 09:11:02', '2023-09-25 14:37:47');
INSERT INTO `sys_role_user` VALUES (472, 487, 3, '2023-08-02 00:04:39', '2024-07-11 13:58:35');
INSERT INTO `sys_role_user` VALUES (474, 902, 3, '2024-03-15 12:11:00', '2023-07-05 14:44:04');
INSERT INTO `sys_role_user` VALUES (475, 852, 3, '2023-01-26 03:40:09', '2024-01-17 00:18:48');
INSERT INTO `sys_role_user` VALUES (476, 125, 3, '2023-01-04 09:48:41', '2024-06-07 10:31:52');
INSERT INTO `sys_role_user` VALUES (477, 970, 3, '2023-02-27 06:19:54', '2023-06-11 19:02:03');
INSERT INTO `sys_role_user` VALUES (478, 934, 3, '2024-04-04 20:04:23', '2024-08-15 13:33:02');
INSERT INTO `sys_role_user` VALUES (479, 47, 3, '2024-07-10 11:31:39', '2024-07-03 22:28:54');
INSERT INTO `sys_role_user` VALUES (481, 241, 3, '2023-11-16 22:45:18', '2024-02-15 22:19:57');
INSERT INTO `sys_role_user` VALUES (484, 477, 3, '2023-11-24 04:54:26', '2024-05-12 21:34:35');
INSERT INTO `sys_role_user` VALUES (486, 549, 3, '2023-03-01 17:30:25', '2024-03-01 06:28:16');
INSERT INTO `sys_role_user` VALUES (487, 290, 3, '2023-02-14 13:38:08', '2023-08-26 01:08:52');
INSERT INTO `sys_role_user` VALUES (488, 427, 3, '2023-10-06 14:33:06', '2023-10-25 07:03:47');
INSERT INTO `sys_role_user` VALUES (491, 668, 3, '2024-04-03 01:42:12', '2024-02-02 01:35:50');
INSERT INTO `sys_role_user` VALUES (493, 230, 3, '2023-10-03 13:11:54', '2023-09-13 08:18:20');
INSERT INTO `sys_role_user` VALUES (496, 882, 3, '2024-10-09 09:30:19', '2023-06-05 16:11:26');
INSERT INTO `sys_role_user` VALUES (499, 604, 3, '2023-05-17 22:18:05', '2024-06-03 14:14:20');
INSERT INTO `sys_role_user` VALUES (501, 967, 3, '2024-08-03 01:19:47', '2023-05-29 06:41:06');
INSERT INTO `sys_role_user` VALUES (502, 75, 3, '2024-04-16 02:57:14', '2023-05-19 21:05:28');
INSERT INTO `sys_role_user` VALUES (504, 842, 3, '2023-09-08 04:11:46', '2024-07-16 11:39:22');
INSERT INTO `sys_role_user` VALUES (510, 352, 3, '2023-03-23 00:54:15', '2024-01-27 20:12:24');
INSERT INTO `sys_role_user` VALUES (511, 31, 3, '2024-05-31 02:12:47', '2023-09-25 05:13:22');
INSERT INTO `sys_role_user` VALUES (512, 145, 3, '2024-03-13 08:03:06', '2024-03-18 22:02:51');
INSERT INTO `sys_role_user` VALUES (514, 465, 3, '2023-06-07 11:56:57', '2024-09-04 10:38:16');
INSERT INTO `sys_role_user` VALUES (515, 546, 3, '2023-03-20 03:51:09', '2023-06-05 23:50:33');
INSERT INTO `sys_role_user` VALUES (516, 666, 3, '2024-01-28 19:40:02', '2024-04-12 03:06:47');
INSERT INTO `sys_role_user` VALUES (520, 222, 3, '2023-01-18 00:26:31', '2023-06-25 10:35:39');
INSERT INTO `sys_role_user` VALUES (526, 322, 3, '2023-10-03 21:08:10', '2024-06-24 17:49:21');
INSERT INTO `sys_role_user` VALUES (528, 236, 3, '2023-12-29 15:13:47', '2024-08-23 08:28:38');
INSERT INTO `sys_role_user` VALUES (529, 539, 3, '2024-05-13 14:58:16', '2023-09-02 08:09:57');
INSERT INTO `sys_role_user` VALUES (530, 758, 3, '2023-03-06 21:10:24', '2024-05-28 09:32:03');
INSERT INTO `sys_role_user` VALUES (532, 846, 3, '2024-04-26 15:31:17', '2024-03-30 18:21:50');
INSERT INTO `sys_role_user` VALUES (533, 728, 3, '2024-04-22 11:00:29', '2024-08-04 14:24:20');
INSERT INTO `sys_role_user` VALUES (534, 581, 3, '2023-11-02 16:40:54', '2024-03-24 15:31:41');
INSERT INTO `sys_role_user` VALUES (539, 977, 3, '2024-04-01 21:20:23', '2023-07-28 04:20:13');
INSERT INTO `sys_role_user` VALUES (543, 950, 3, '2023-10-09 07:13:14', '2023-04-22 15:11:10');
INSERT INTO `sys_role_user` VALUES (548, 141, 3, '2024-06-06 04:55:17', '2023-07-27 06:08:49');
INSERT INTO `sys_role_user` VALUES (549, 689, 3, '2023-01-05 15:36:29', '2023-05-11 20:10:48');
INSERT INTO `sys_role_user` VALUES (551, 918, 3, '2024-08-04 01:31:24', '2023-01-29 20:05:27');
INSERT INTO `sys_role_user` VALUES (552, 281, 3, '2024-02-21 01:46:56', '2023-04-26 23:09:43');
INSERT INTO `sys_role_user` VALUES (554, 35, 3, '2023-08-18 02:30:37', '2024-05-26 12:31:21');
INSERT INTO `sys_role_user` VALUES (555, 655, 3, '2024-03-23 13:21:28', '2024-10-02 06:01:21');
INSERT INTO `sys_role_user` VALUES (557, 708, 3, '2024-08-03 06:46:31', '2023-03-14 06:55:29');
INSERT INTO `sys_role_user` VALUES (559, 839, 3, '2023-05-05 16:10:16', '2023-03-05 23:19:54');
INSERT INTO `sys_role_user` VALUES (561, 245, 3, '2023-10-13 12:20:22', '2023-09-10 18:20:47');
INSERT INTO `sys_role_user` VALUES (566, 104, 3, '2023-04-06 08:38:37', '2024-09-11 04:49:08');
INSERT INTO `sys_role_user` VALUES (567, 756, 3, '2024-09-21 15:19:48', '2023-10-21 01:14:41');
INSERT INTO `sys_role_user` VALUES (570, 776, 3, '2024-09-02 04:33:05', '2023-05-30 11:48:06');
INSERT INTO `sys_role_user` VALUES (571, 74, 3, '2024-08-12 16:20:18', '2024-05-22 14:46:22');
INSERT INTO `sys_role_user` VALUES (572, 804, 3, '2024-04-08 12:03:36', '2024-10-19 09:41:02');
INSERT INTO `sys_role_user` VALUES (573, 478, 3, '2023-02-07 12:23:54', '2024-08-20 14:54:30');
INSERT INTO `sys_role_user` VALUES (579, 301, 3, '2023-02-18 13:27:49', '2023-03-11 08:15:49');
INSERT INTO `sys_role_user` VALUES (580, 355, 3, '2023-03-04 23:06:45', '2023-06-27 05:55:55');
INSERT INTO `sys_role_user` VALUES (581, 506, 3, '2023-05-28 04:24:19', '2023-09-09 02:42:36');
INSERT INTO `sys_role_user` VALUES (582, 783, 3, '2024-02-21 23:43:03', '2023-02-25 13:06:21');
INSERT INTO `sys_role_user` VALUES (584, 223, 3, '2023-01-24 22:27:59', '2024-04-17 11:28:09');
INSERT INTO `sys_role_user` VALUES (585, 324, 3, '2024-07-08 19:45:45', '2024-01-04 16:55:29');
INSERT INTO `sys_role_user` VALUES (587, 831, 3, '2024-04-21 07:58:21', '2023-04-20 22:12:46');
INSERT INTO `sys_role_user` VALUES (588, 730, 3, '2023-04-20 21:26:54', '2023-12-21 05:37:04');
INSERT INTO `sys_role_user` VALUES (589, 46, 3, '2024-05-27 11:50:32', '2023-11-28 17:48:38');
INSERT INTO `sys_role_user` VALUES (590, 274, 3, '2023-11-24 08:07:41', '2023-07-16 22:29:38');
INSERT INTO `sys_role_user` VALUES (591, 358, 3, '2024-09-24 15:31:57', '2024-05-07 00:35:47');
INSERT INTO `sys_role_user` VALUES (592, 774, 3, '2023-09-12 15:40:15', '2024-01-22 19:08:46');
INSERT INTO `sys_role_user` VALUES (595, 99, 3, '2024-08-18 14:37:58', '2023-09-26 01:13:33');
INSERT INTO `sys_role_user` VALUES (597, 433, 3, '2024-10-12 23:38:40', '2024-04-15 11:35:52');
INSERT INTO `sys_role_user` VALUES (601, 941, 3, '2024-10-20 19:30:20', '2023-04-27 18:25:17');
INSERT INTO `sys_role_user` VALUES (602, 343, 3, '2024-10-21 07:27:55', '2024-06-19 15:26:53');
INSERT INTO `sys_role_user` VALUES (603, 829, 3, '2024-06-07 14:20:27', '2023-02-18 16:04:21');
INSERT INTO `sys_role_user` VALUES (604, 83, 3, '2024-01-07 00:49:28', '2023-02-18 10:11:38');
INSERT INTO `sys_role_user` VALUES (605, 163, 3, '2023-05-04 07:55:49', '2024-03-02 02:55:37');
INSERT INTO `sys_role_user` VALUES (607, 958, 3, '2024-06-29 20:19:56', '2023-02-20 23:33:42');
INSERT INTO `sys_role_user` VALUES (608, 913, 3, '2024-06-05 07:59:58', '2023-11-21 17:04:42');
INSERT INTO `sys_role_user` VALUES (610, 55, 3, '2023-08-26 18:17:15', '2024-08-21 15:35:47');
INSERT INTO `sys_role_user` VALUES (615, 201, 3, '2024-09-13 04:25:12', '2023-08-06 10:49:04');
INSERT INTO `sys_role_user` VALUES (616, 862, 3, '2024-03-27 20:32:40', '2023-04-11 06:26:36');
INSERT INTO `sys_role_user` VALUES (617, 609, 3, '2023-09-29 07:43:21', '2023-07-05 21:18:22');
INSERT INTO `sys_role_user` VALUES (618, 483, 3, '2023-05-06 15:31:24', '2024-04-07 07:59:37');
INSERT INTO `sys_role_user` VALUES (620, 345, 3, '2023-05-15 11:21:36', '2023-12-24 02:08:14');
INSERT INTO `sys_role_user` VALUES (621, 122, 3, '2023-11-08 21:46:26', '2024-03-26 20:44:08');
INSERT INTO `sys_role_user` VALUES (622, 590, 3, '2023-04-26 10:06:54', '2024-01-29 07:52:14');
INSERT INTO `sys_role_user` VALUES (623, 193, 3, '2023-04-23 01:54:52', '2023-04-23 21:34:03');
INSERT INTO `sys_role_user` VALUES (625, 59, 3, '2023-06-27 07:50:38', '2023-06-09 19:17:02');
INSERT INTO `sys_role_user` VALUES (626, 67, 3, '2023-12-19 06:08:14', '2023-03-11 08:04:41');
INSERT INTO `sys_role_user` VALUES (627, 388, 3, '2023-04-11 01:36:02', '2023-08-26 20:18:11');
INSERT INTO `sys_role_user` VALUES (629, 721, 3, '2024-02-18 01:13:56', '2024-06-27 08:11:58');
INSERT INTO `sys_role_user` VALUES (631, 289, 3, '2024-02-23 18:10:52', '2024-02-19 22:26:46');
INSERT INTO `sys_role_user` VALUES (632, 379, 3, '2023-11-05 16:01:55', '2024-09-26 10:05:20');
INSERT INTO `sys_role_user` VALUES (637, 921, 3, '2024-02-15 02:31:04', '2023-02-28 03:29:31');
INSERT INTO `sys_role_user` VALUES (638, 38, 3, '2023-07-19 16:14:20', '2023-09-27 07:37:20');
INSERT INTO `sys_role_user` VALUES (639, 376, 3, '2023-11-30 15:09:25', '2023-02-18 11:47:07');
INSERT INTO `sys_role_user` VALUES (642, 165, 3, '2023-12-27 09:05:47', '2024-05-14 17:20:35');
INSERT INTO `sys_role_user` VALUES (648, 462, 3, '2023-02-27 17:21:21', '2024-07-21 17:58:45');
INSERT INTO `sys_role_user` VALUES (649, 448, 3, '2024-09-19 19:59:12', '2023-11-29 12:51:03');
INSERT INTO `sys_role_user` VALUES (652, 983, 3, '2023-12-03 07:22:20', '2024-01-22 19:05:53');
INSERT INTO `sys_role_user` VALUES (654, 764, 3, '2023-06-22 08:48:31', '2023-05-18 22:58:34');
INSERT INTO `sys_role_user` VALUES (655, 180, 3, '2024-09-24 13:11:05', '2024-09-26 15:41:36');
INSERT INTO `sys_role_user` VALUES (656, 847, 3, '2023-11-19 16:07:58', '2023-06-04 21:40:27');
INSERT INTO `sys_role_user` VALUES (657, 65, 3, '2023-04-06 05:28:25', '2024-02-04 03:13:03');
INSERT INTO `sys_role_user` VALUES (659, 669, 3, '2024-02-29 14:22:34', '2023-07-31 14:56:26');
INSERT INTO `sys_role_user` VALUES (660, 638, 3, '2023-08-05 06:47:22', '2024-08-29 08:11:32');
INSERT INTO `sys_role_user` VALUES (662, 124, 3, '2024-10-15 17:08:54', '2023-09-20 03:55:59');
INSERT INTO `sys_role_user` VALUES (663, 816, 3, '2023-07-29 01:57:53', '2024-07-18 00:50:33');
INSERT INTO `sys_role_user` VALUES (664, 771, 3, '2024-07-12 06:41:50', '2024-07-07 01:54:02');
INSERT INTO `sys_role_user` VALUES (665, 972, 3, '2023-06-30 10:39:18', '2023-10-06 05:38:48');
INSERT INTO `sys_role_user` VALUES (667, 445, 3, '2023-12-06 13:02:43', '2023-08-10 05:46:40');
INSERT INTO `sys_role_user` VALUES (671, 58, 3, '2023-09-03 05:43:54', '2024-07-18 16:27:58');
INSERT INTO `sys_role_user` VALUES (672, 615, 3, '2023-04-14 21:21:39', '2024-09-23 19:25:55');
INSERT INTO `sys_role_user` VALUES (673, 227, 3, '2024-08-03 22:38:42', '2023-03-19 22:01:17');
INSERT INTO `sys_role_user` VALUES (675, 784, 3, '2023-12-08 13:01:56', '2023-10-20 18:00:37');
INSERT INTO `sys_role_user` VALUES (676, 781, 3, '2023-02-12 06:27:51', '2023-09-16 23:14:28');
INSERT INTO `sys_role_user` VALUES (677, 587, 3, '2023-05-17 02:54:34', '2024-02-24 16:03:36');
INSERT INTO `sys_role_user` VALUES (680, 687, 3, '2023-10-15 00:38:51', '2024-07-29 04:10:06');
INSERT INTO `sys_role_user` VALUES (684, 513, 3, '2023-09-02 00:16:35', '2024-06-21 02:42:10');
INSERT INTO `sys_role_user` VALUES (686, 762, 3, '2023-08-07 21:34:07', '2024-01-05 18:25:38');
INSERT INTO `sys_role_user` VALUES (689, 171, 3, '2023-07-25 22:12:58', '2023-04-07 02:34:39');
INSERT INTO `sys_role_user` VALUES (690, 229, 3, '2023-07-09 12:53:04', '2023-06-09 10:28:03');
INSERT INTO `sys_role_user` VALUES (691, 531, 3, '2023-08-07 00:09:36', '2024-06-15 16:53:14');
INSERT INTO `sys_role_user` VALUES (693, 662, 3, '2024-07-27 08:23:33', '2024-05-23 08:44:04');
INSERT INTO `sys_role_user` VALUES (695, 108, 3, '2023-09-01 11:44:13', '2023-08-21 12:53:28');
INSERT INTO `sys_role_user` VALUES (699, 325, 3, '2024-08-14 19:31:41', '2024-06-06 15:28:43');
INSERT INTO `sys_role_user` VALUES (700, 729, 3, '2024-03-08 09:01:53', '2023-12-21 02:53:08');
INSERT INTO `sys_role_user` VALUES (701, 333, 3, '2023-06-27 09:53:42', '2023-04-26 19:34:51');
INSERT INTO `sys_role_user` VALUES (702, 892, 3, '2024-08-31 06:21:19', '2023-02-20 05:24:46');
INSERT INTO `sys_role_user` VALUES (703, 603, 3, '2023-08-01 12:19:06', '2023-11-08 16:26:52');
INSERT INTO `sys_role_user` VALUES (709, 398, 3, '2023-03-03 21:56:34', '2023-07-01 14:42:51');
INSERT INTO `sys_role_user` VALUES (710, 681, 3, '2024-02-24 10:57:44', '2023-05-24 02:34:21');
INSERT INTO `sys_role_user` VALUES (711, 154, 3, '2023-03-03 04:41:19', '2024-10-13 05:38:13');
INSERT INTO `sys_role_user` VALUES (712, 515, 3, '2024-09-27 05:51:48', '2024-07-09 22:55:51');
INSERT INTO `sys_role_user` VALUES (714, 386, 3, '2023-03-04 12:28:02', '2023-07-18 23:14:10');
INSERT INTO `sys_role_user` VALUES (715, 288, 3, '2023-02-24 01:59:18', '2023-08-28 19:55:16');
INSERT INTO `sys_role_user` VALUES (717, 178, 3, '2023-12-17 02:12:28', '2023-08-11 08:51:47');
INSERT INTO `sys_role_user` VALUES (719, 300, 3, '2024-03-25 16:45:52', '2023-12-29 17:48:30');
INSERT INTO `sys_role_user` VALUES (720, 208, 3, '2024-09-11 17:46:21', '2023-07-13 02:36:30');
INSERT INTO `sys_role_user` VALUES (721, 909, 3, '2024-06-30 23:54:53', '2024-04-08 15:32:50');
INSERT INTO `sys_role_user` VALUES (722, 822, 3, '2023-08-22 20:14:11', '2023-09-15 16:49:42');
INSERT INTO `sys_role_user` VALUES (724, 464, 3, '2024-10-21 21:44:42', '2023-06-04 21:20:19');
INSERT INTO `sys_role_user` VALUES (725, 368, 3, '2024-02-16 01:34:32', '2024-08-23 09:28:16');
INSERT INTO `sys_role_user` VALUES (726, 461, 3, '2023-05-05 17:40:38', '2024-04-13 17:58:56');
INSERT INTO `sys_role_user` VALUES (727, 933, 3, '2024-10-22 15:14:06', '2023-04-25 02:11:18');
INSERT INTO `sys_role_user` VALUES (728, 875, 3, '2024-03-10 09:40:07', '2024-10-16 05:52:43');
INSERT INTO `sys_role_user` VALUES (729, 374, 3, '2023-04-01 22:38:38', '2024-10-15 00:58:25');
INSERT INTO `sys_role_user` VALUES (730, 314, 3, '2023-12-01 08:20:42', '2024-02-18 01:21:49');
INSERT INTO `sys_role_user` VALUES (732, 723, 3, '2023-03-17 13:30:07', '2023-03-20 18:20:55');
INSERT INTO `sys_role_user` VALUES (733, 965, 3, '2023-03-18 01:08:19', '2023-03-18 19:26:32');
INSERT INTO `sys_role_user` VALUES (734, 712, 3, '2023-02-05 13:06:20', '2024-10-07 15:18:19');
INSERT INTO `sys_role_user` VALUES (736, 265, 3, '2024-03-23 14:35:26', '2023-07-17 21:46:42');
INSERT INTO `sys_role_user` VALUES (737, 701, 3, '2023-02-05 21:35:04', '2023-08-15 02:19:41');
INSERT INTO `sys_role_user` VALUES (738, 340, 3, '2023-04-05 20:35:49', '2023-08-08 08:27:52');
INSERT INTO `sys_role_user` VALUES (740, 578, 3, '2023-10-20 22:15:57', '2023-10-29 07:10:21');
INSERT INTO `sys_role_user` VALUES (741, 824, 3, '2024-01-25 18:50:12', '2023-01-12 13:38:09');
INSERT INTO `sys_role_user` VALUES (744, 92, 3, '2024-08-21 22:32:46', '2023-09-23 10:12:44');
INSERT INTO `sys_role_user` VALUES (745, 247, 3, '2024-09-08 11:31:38', '2024-09-25 01:33:52');
INSERT INTO `sys_role_user` VALUES (747, 213, 3, '2024-08-13 04:42:32', '2023-12-26 22:47:45');
INSERT INTO `sys_role_user` VALUES (750, 912, 3, '2023-01-26 03:13:28', '2024-08-04 03:05:26');
INSERT INTO `sys_role_user` VALUES (751, 533, 3, '2024-03-16 15:25:28', '2024-07-12 09:08:03');
INSERT INTO `sys_role_user` VALUES (752, 293, 3, '2023-04-08 20:35:00', '2023-04-23 18:26:38');
INSERT INTO `sys_role_user` VALUES (755, 832, 3, '2024-07-24 22:19:10', '2023-07-17 15:25:33');
INSERT INTO `sys_role_user` VALUES (758, 267, 3, '2023-01-23 01:53:04', '2023-03-23 17:33:25');
INSERT INTO `sys_role_user` VALUES (760, 107, 3, '2024-05-30 19:15:20', '2023-04-01 02:54:37');
INSERT INTO `sys_role_user` VALUES (762, 29, 3, '2023-06-18 05:45:45', '2024-05-10 06:07:15');
INSERT INTO `sys_role_user` VALUES (764, 880, 3, '2023-06-02 18:56:19', '2023-08-17 02:25:30');
INSERT INTO `sys_role_user` VALUES (765, 598, 3, '2024-06-21 22:39:03', '2023-07-18 22:08:03');
INSERT INTO `sys_role_user` VALUES (767, 496, 3, '2024-03-09 01:33:09', '2024-04-08 14:58:41');
INSERT INTO `sys_role_user` VALUES (774, 884, 3, '2023-03-27 16:05:09', '2023-05-11 03:50:58');
INSERT INTO `sys_role_user` VALUES (776, 260, 3, '2023-05-23 22:44:49', '2023-10-20 02:01:12');
INSERT INTO `sys_role_user` VALUES (778, 978, 3, '2023-10-27 05:08:53', '2024-06-20 00:00:46');
INSERT INTO `sys_role_user` VALUES (782, 782, 3, '2024-09-29 14:38:28', '2023-09-05 11:19:43');
INSERT INTO `sys_role_user` VALUES (785, 109, 3, '2023-09-15 12:10:59', '2023-11-29 02:39:33');
INSERT INTO `sys_role_user` VALUES (790, 928, 3, '2024-10-01 14:19:54', '2024-01-13 10:27:06');
INSERT INTO `sys_role_user` VALUES (792, 577, 3, '2023-07-12 00:46:22', '2024-03-07 12:19:45');
INSERT INTO `sys_role_user` VALUES (795, 116, 3, '2023-09-18 09:31:10', '2023-12-21 19:53:59');
INSERT INTO `sys_role_user` VALUES (799, 389, 3, '2023-07-09 18:47:28', '2023-01-14 03:39:23');
INSERT INTO `sys_role_user` VALUES (802, 435, 3, '2023-05-02 09:46:08', '2023-03-27 16:28:42');
INSERT INTO `sys_role_user` VALUES (803, 275, 3, '2024-08-18 16:49:42', '2024-03-23 03:25:11');
INSERT INTO `sys_role_user` VALUES (804, 688, 3, '2024-07-18 19:02:07', '2024-08-25 14:30:51');
INSERT INTO `sys_role_user` VALUES (805, 672, 3, '2023-09-11 02:09:02', '2023-09-24 07:39:42');
INSERT INTO `sys_role_user` VALUES (806, 547, 3, '2024-03-23 06:49:55', '2023-08-22 10:00:01');
INSERT INTO `sys_role_user` VALUES (807, 509, 3, '2024-01-06 14:40:54', '2023-05-31 04:43:02');
INSERT INTO `sys_role_user` VALUES (814, 183, 3, '2023-06-06 20:02:38', '2024-02-17 12:21:23');
INSERT INTO `sys_role_user` VALUES (815, 634, 3, '2024-10-19 03:04:23', '2024-09-18 07:20:45');
INSERT INTO `sys_role_user` VALUES (820, 707, 3, '2023-04-11 08:01:25', '2024-09-11 14:01:08');
INSERT INTO `sys_role_user` VALUES (823, 161, 3, '2024-04-04 01:11:37', '2023-05-06 10:12:19');
INSERT INTO `sys_role_user` VALUES (825, 732, 3, '2023-12-30 08:41:38', '2023-10-30 11:12:06');
INSERT INTO `sys_role_user` VALUES (828, 946, 3, '2024-01-16 03:18:03', '2024-03-09 15:33:11');
INSERT INTO `sys_role_user` VALUES (832, 517, 3, '2023-08-09 03:29:44', '2024-08-26 13:41:10');
INSERT INTO `sys_role_user` VALUES (833, 963, 3, '2023-12-14 12:47:54', '2023-12-18 17:22:31');
INSERT INTO `sys_role_user` VALUES (838, 755, 3, '2023-05-19 15:32:19', '2024-04-14 11:41:06');
INSERT INTO `sys_role_user` VALUES (840, 947, 3, '2024-07-05 15:40:45', '2024-02-11 05:08:23');
INSERT INTO `sys_role_user` VALUES (844, 52, 3, '2024-09-16 15:41:05', '2024-04-08 20:50:03');
INSERT INTO `sys_role_user` VALUES (846, 224, 3, '2023-06-06 00:37:32', '2023-10-07 12:29:19');
INSERT INTO `sys_role_user` VALUES (848, 680, 3, '2024-09-04 20:30:21', '2024-05-01 18:54:03');
INSERT INTO `sys_role_user` VALUES (849, 573, 3, '2024-08-15 15:46:32', '2023-03-31 07:37:23');
INSERT INTO `sys_role_user` VALUES (850, 311, 3, '2024-08-07 15:10:10', '2023-05-03 10:37:10');
INSERT INTO `sys_role_user` VALUES (851, 845, 3, '2024-04-13 09:43:12', '2024-09-24 17:22:52');
INSERT INTO `sys_role_user` VALUES (853, 449, 3, '2024-06-02 09:11:05', '2023-04-11 18:37:02');
INSERT INTO `sys_role_user` VALUES (854, 443, 3, '2023-07-27 01:33:23', '2024-10-12 09:30:38');
INSERT INTO `sys_role_user` VALUES (858, 901, 3, '2023-10-28 11:43:28', '2024-06-09 17:21:31');
INSERT INTO `sys_role_user` VALUES (859, 407, 3, '2024-10-19 23:59:29', '2023-07-18 19:18:02');
INSERT INTO `sys_role_user` VALUES (860, 495, 3, '2023-11-15 07:38:39', '2023-09-04 02:41:32');
INSERT INTO `sys_role_user` VALUES (861, 282, 3, '2024-03-22 01:25:29', '2023-05-08 00:47:21');
INSERT INTO `sys_role_user` VALUES (862, 956, 3, '2024-04-10 10:42:57', '2024-09-28 12:20:29');
INSERT INTO `sys_role_user` VALUES (864, 57, 3, '2023-04-01 04:08:46', '2024-08-29 00:44:54');
INSERT INTO `sys_role_user` VALUES (865, 914, 3, '2023-08-06 18:10:24', '2023-03-27 07:09:40');
INSERT INTO `sys_role_user` VALUES (866, 628, 3, '2023-01-25 03:04:20', '2023-07-01 08:12:24');
INSERT INTO `sys_role_user` VALUES (868, 490, 3, '2023-06-15 09:15:23', '2024-03-28 16:26:23');
INSERT INTO `sys_role_user` VALUES (869, 218, 3, '2024-03-08 16:01:28', '2023-08-10 09:45:16');
INSERT INTO `sys_role_user` VALUES (870, 103, 3, '2023-11-17 16:07:41', '2024-04-16 17:12:55');
INSERT INTO `sys_role_user` VALUES (873, 811, 3, '2023-12-13 06:36:20', '2024-08-18 14:03:18');
INSERT INTO `sys_role_user` VALUES (874, 384, 3, '2024-10-20 14:50:08', '2023-04-27 06:36:42');
INSERT INTO `sys_role_user` VALUES (875, 746, 3, '2024-01-02 23:22:33', '2024-03-15 08:37:33');
INSERT INTO `sys_role_user` VALUES (882, 528, 3, '2023-09-19 11:03:19', '2023-01-17 01:28:17');
INSERT INTO `sys_role_user` VALUES (886, 610, 3, '2023-10-22 06:45:08', '2023-07-31 14:24:30');
INSERT INTO `sys_role_user` VALUES (887, 166, 3, '2024-07-14 09:57:47', '2024-07-20 02:25:56');
INSERT INTO `sys_role_user` VALUES (888, 657, 3, '2023-07-07 21:55:11', '2023-07-31 19:23:31');
INSERT INTO `sys_role_user` VALUES (890, 444, 3, '2023-09-25 18:10:47', '2023-02-07 01:39:01');
INSERT INTO `sys_role_user` VALUES (892, 339, 3, '2023-01-06 05:03:08', '2023-07-06 08:38:44');
INSERT INTO `sys_role_user` VALUES (899, 949, 3, '2024-08-09 22:10:08', '2023-10-28 10:20:44');
INSERT INTO `sys_role_user` VALUES (900, 106, 3, '2023-05-02 16:17:33', '2024-06-08 14:42:38');
INSERT INTO `sys_role_user` VALUES (904, 393, 3, '2024-06-19 05:41:34', '2024-09-10 00:14:51');
INSERT INTO `sys_role_user` VALUES (905, 715, 3, '2024-04-24 13:16:08', '2023-04-07 08:14:00');
INSERT INTO `sys_role_user` VALUES (907, 948, 3, '2023-02-03 14:27:49', '2024-01-10 16:45:47');
INSERT INTO `sys_role_user` VALUES (908, 568, 3, '2023-01-19 05:16:57', '2024-07-16 19:37:28');
INSERT INTO `sys_role_user` VALUES (909, 186, 3, '2023-06-17 19:50:58', '2024-08-20 01:11:29');
INSERT INTO `sys_role_user` VALUES (911, 64, 3, '2023-08-11 20:58:59', '2023-09-14 06:06:05');
INSERT INTO `sys_role_user` VALUES (914, 540, 3, '2024-08-04 06:43:31', '2023-06-08 11:21:08');
INSERT INTO `sys_role_user` VALUES (915, 263, 3, '2024-01-26 05:01:21', '2023-01-11 23:00:03');
INSERT INTO `sys_role_user` VALUES (916, 524, 3, '2023-01-05 11:26:15', '2024-04-21 18:08:00');
INSERT INTO `sys_role_user` VALUES (917, 768, 3, '2024-08-11 20:08:01', '2023-06-22 07:04:48');
INSERT INTO `sys_role_user` VALUES (918, 917, 3, '2024-03-05 03:47:19', '2024-09-12 21:16:30');
INSERT INTO `sys_role_user` VALUES (919, 945, 3, '2023-09-27 07:34:59', '2023-01-18 04:06:26');
INSERT INTO `sys_role_user` VALUES (921, 545, 3, '2023-04-13 01:21:56', '2023-08-17 01:07:16');
INSERT INTO `sys_role_user` VALUES (923, 786, 3, '2024-10-01 00:07:45', '2024-05-05 02:08:47');
INSERT INTO `sys_role_user` VALUES (926, 623, 3, '2023-02-06 04:21:02', '2024-09-29 07:28:36');
INSERT INTO `sys_role_user` VALUES (928, 924, 3, '2024-05-12 13:03:39', '2024-06-06 18:07:46');
INSERT INTO `sys_role_user` VALUES (929, 601, 3, '2023-06-15 03:38:41', '2024-02-29 06:47:09');
INSERT INTO `sys_role_user` VALUES (930, 284, 3, '2023-11-02 11:03:12', '2024-03-08 07:32:36');
INSERT INTO `sys_role_user` VALUES (931, 861, 3, '2024-04-28 21:43:00', '2024-04-23 04:07:45');
INSERT INTO `sys_role_user` VALUES (933, 766, 3, '2024-10-18 19:43:55', '2023-06-15 19:59:51');
INSERT INTO `sys_role_user` VALUES (934, 979, 3, '2023-08-30 01:48:09', '2023-12-24 00:29:24');
INSERT INTO `sys_role_user` VALUES (938, 466, 3, '2023-01-17 03:49:24', '2024-07-11 11:45:37');
INSERT INTO `sys_role_user` VALUES (939, 451, 3, '2024-04-12 09:16:11', '2023-10-10 19:37:58');
INSERT INTO `sys_role_user` VALUES (941, 150, 3, '2024-03-21 22:20:21', '2023-03-15 08:48:16');
INSERT INTO `sys_role_user` VALUES (942, 897, 3, '2024-02-28 07:18:03', '2024-05-07 15:31:16');
INSERT INTO `sys_role_user` VALUES (943, 476, 3, '2023-01-28 13:45:16', '2023-10-04 17:19:11');
INSERT INTO `sys_role_user` VALUES (945, 899, 3, '2023-09-19 01:30:59', '2024-04-06 01:01:23');
INSERT INTO `sys_role_user` VALUES (946, 167, 3, '2024-02-11 22:48:44', '2023-04-05 15:16:28');
INSERT INTO `sys_role_user` VALUES (947, 41, 3, '2024-08-05 02:47:52', '2023-05-03 19:24:32');
INSERT INTO `sys_role_user` VALUES (951, 667, 3, '2023-08-30 08:45:04', '2024-02-27 07:21:47');
INSERT INTO `sys_role_user` VALUES (952, 375, 3, '2023-11-29 02:31:31', '2024-03-17 01:25:56');
INSERT INTO `sys_role_user` VALUES (954, 37, 3, '2023-03-01 20:49:05', '2024-05-04 06:52:30');
INSERT INTO `sys_role_user` VALUES (963, 629, 3, '2023-09-23 13:00:16', '2023-04-07 01:00:47');
INSERT INTO `sys_role_user` VALUES (965, 390, 3, '2023-12-26 21:47:10', '2023-05-19 09:06:24');
INSERT INTO `sys_role_user` VALUES (966, 848, 3, '2024-09-10 03:46:17', '2023-04-05 09:27:33');
INSERT INTO `sys_role_user` VALUES (969, 927, 3, '2024-06-05 09:58:56', '2023-01-06 23:04:33');
INSERT INTO `sys_role_user` VALUES (971, 876, 3, '2024-05-30 16:04:28', '2023-01-02 09:21:08');
INSERT INTO `sys_role_user` VALUES (972, 149, 3, '2024-03-17 18:17:30', '2023-10-03 16:26:47');
INSERT INTO `sys_role_user` VALUES (974, 501, 3, '2023-10-30 22:11:07', '2024-06-07 22:32:00');
INSERT INTO `sys_role_user` VALUES (975, 981, 3, '2024-06-05 15:47:21', '2024-05-31 10:11:04');
INSERT INTO `sys_role_user` VALUES (976, 185, 3, '2023-04-29 15:00:28', '2024-10-21 09:50:58');
INSERT INTO `sys_role_user` VALUES (977, 366, 3, '2023-12-14 09:15:31', '2023-06-04 02:56:31');
INSERT INTO `sys_role_user` VALUES (979, 697, 3, '2023-03-01 02:44:56', '2023-12-22 14:12:38');
INSERT INTO `sys_role_user` VALUES (981, 857, 3, '2023-09-28 04:48:48', '2024-07-31 19:29:08');
INSERT INTO `sys_role_user` VALUES (982, 189, 3, '2024-02-21 12:10:33', '2023-08-20 17:14:27');
INSERT INTO `sys_role_user` VALUES (983, 803, 3, '2024-06-30 21:14:02', '2023-03-07 08:56:05');
INSERT INTO `sys_role_user` VALUES (985, 523, 3, '2023-11-18 21:48:40', '2024-09-05 18:33:33');
INSERT INTO `sys_role_user` VALUES (986, 602, 3, '2024-07-25 07:33:35', '2023-01-31 11:47:52');
INSERT INTO `sys_role_user` VALUES (988, 480, 3, '2024-04-24 19:54:16', '2024-03-09 11:30:19');
INSERT INTO `sys_role_user` VALUES (989, 408, 3, '2023-10-04 05:36:11', '2024-02-01 13:12:42');
INSERT INTO `sys_role_user` VALUES (990, 471, 3, '2024-02-24 14:23:54', '2024-06-11 01:57:06');
INSERT INTO `sys_role_user` VALUES (991, 890, 3, '2024-07-30 01:11:27', '2023-07-29 18:34:28');
INSERT INTO `sys_role_user` VALUES (992, 576, 3, '2024-01-29 04:47:19', '2023-03-12 07:38:41');
INSERT INTO `sys_role_user` VALUES (993, 336, 3, '2024-06-22 02:41:19', '2023-08-14 10:03:58');
INSERT INTO `sys_role_user` VALUES (996, 529, 3, '2024-04-10 03:01:35', '2023-04-29 06:36:18');
INSERT INTO `sys_role_user` VALUES (998, 516, 3, '2023-03-28 11:33:49', '2023-04-18 11:18:13');
INSERT INTO `sys_role_user` VALUES (999, 257, 3, '2023-10-28 16:44:15', '2023-12-13 03:37:59');
INSERT INTO `sys_role_user` VALUES (1024, 11, 2, '2024-12-01 17:14:49', '2024-12-01 17:21:23');
INSERT INTO `sys_role_user` VALUES (1025, 10, 2, '2024-12-01 17:15:06', '2024-12-01 17:21:23');
INSERT INTO `sys_role_user` VALUES (1026, 5, 2, '2024-12-01 17:16:47', '2024-12-01 17:21:22');
INSERT INTO `sys_role_user` VALUES (1032, 3, 2, '2024-12-01 17:32:34', '2024-12-01 17:34:26');
INSERT INTO `sys_role_user` VALUES (1057, 1007, 2, '2024-12-12 00:02:30', '2024-12-12 00:02:30');
INSERT INTO `sys_role_user` VALUES (1063, 1, 1, '2024-12-12 00:03:56', '2024-12-12 00:03:56');
INSERT INTO `sys_role_user` VALUES (1064, 1, 2, '2024-12-12 00:03:56', '2024-12-12 00:03:56');
INSERT INTO `sys_role_user` VALUES (1071, 2, 2, '2024-12-28 17:51:09', '2024-12-28 17:51:09');
INSERT INTO `sys_role_user` VALUES (1074, 18, 2, '2024-12-28 23:21:56', '2024-12-28 23:21:56');
INSERT INTO `sys_role_user` VALUES (1084, 12, 2, '2025-01-04 10:46:09', '2025-01-04 10:46:09');
INSERT INTO `sys_role_user` VALUES (1093, 441, 3, '2025-01-04 22:40:43', '2025-01-04 22:40:43');
INSERT INTO `sys_role_user` VALUES (1094, 639, 3, '2025-01-04 22:40:47', '2025-01-04 22:40:47');

-- ----------------------------
-- Table structure for sys_user
-- ----------------------------
DROP TABLE IF EXISTS `sys_user`;
CREATE TABLE `sys_user`  (
  `user_id` bigint NOT NULL AUTO_INCREMENT COMMENT '主键id',
  `openid` varchar(255) CHARACTER SET utf8mb4 COLLATE utf8mb4_0900_ai_ci NULL DEFAULT NULL COMMENT '微信唯一标识',
  `phone` varchar(255) CHARACTER SET utf8mb4 COLLATE utf8mb4_0900_ai_ci NULL DEFAULT NULL COMMENT '手机号',
  `avatar` varchar(255) CHARACTER SET utf8mb4 COLLATE utf8mb4_0900_ai_ci NULL DEFAULT NULL COMMENT '用户头像',
  `nickname` varchar(255) CHARACTER SET utf8mb4 COLLATE utf8mb4_0900_ai_ci NULL DEFAULT NULL COMMENT '用户名称',
  `create_time` datetime NULL DEFAULT CURRENT_TIMESTAMP COMMENT '创建时间',
  `update_time` datetime NULL DEFAULT CURRENT_TIMESTAMP ON UPDATE CURRENT_TIMESTAMP COMMENT '更新时间',
  `state` int NULL DEFAULT NULL COMMENT '状态',
  `sex` int NULL DEFAULT 1 COMMENT '1男  0女',
  PRIMARY KEY (`user_id`) USING BTREE,
  UNIQUE INDEX `phone`(`phone` ASC) USING BTREE COMMENT '手机号唯一',
  UNIQUE INDEX `openid`(`openid` ASC) USING BTREE COMMENT '微信标识唯一'
) ENGINE = InnoDB AUTO_INCREMENT = 1010 CHARACTER SET = utf8mb4 COLLATE = utf8mb4_0900_ai_ci COMMENT = '用户表' ROW_FORMAT = DYNAMIC;

-- ----------------------------
-- Records of sys_user
-- ----------------------------
INSERT INTO `sys_user` VALUES (1, 'admin', '15728329422', 'http://dummyimage.com/100x100', '不想说话而已', '2024-12-01 10:35:11', '2024-12-01 10:35:27', 1, 1);
INSERT INTO `sys_user` VALUES (2, 'TWZ5qgMmc0', '18085296579', 'http://dummyimage.com/100x100', 'Norman Price', '2023-09-27 08:39:31', '2024-12-28 17:51:09', 1, 0);
INSERT INTO `sys_user` VALUES (3, 'hV2VuvjwZD', '16144958914', 'http://dummyimage.com/100x100', '邵晓明', '2023-07-28 17:37:13', '2023-06-27 23:33:52', 1, 0);
INSERT INTO `sys_user` VALUES (5, 'w5xiVZHoak', '18500204969', 'http://dummyimage.com/100x100', '程岚', '2024-03-09 12:25:12', '2023-03-12 18:04:33', 0, 1);
INSERT INTO `sys_user` VALUES (6, 'e1o0tzdU0h', '19007628369', 'http://dummyimage.com/100x100', 'Brenda Henry', '2024-09-01 12:14:54', '2023-06-10 15:53:15', 0, 0);
INSERT INTO `sys_user` VALUES (10, 'gYDvPVUuFJ', '16915184914', 'http://dummyimage.com/100x100', 'Earl Warren', '2024-02-03 06:10:44', '2023-02-07 13:08:48', 1, 1);
INSERT INTO `sys_user` VALUES (11, 'Ku0X4p9P99', '16064937858', 'http://dummyimage.com/100x100', 'Johnny Rogers', '2023-07-29 07:00:55', '2024-02-06 01:27:47', 1, 1);
INSERT INTO `sys_user` VALUES (12, 'zNqa9G3ixQ', '17863631026', 'http://dummyimage.com/100x100', 'Martin Sanders', '2023-02-07 09:43:46', '2023-11-10 11:06:04', 1, 0);
INSERT INTO `sys_user` VALUES (14, 'jT06qDMkgW', '2150199933', 'http://dummyimage.com/100x100', 'Juanita Carter', '2024-07-01 22:59:13', '2023-06-14 19:41:44', 1, 1);
INSERT INTO `sys_user` VALUES (15, '6U8uQ3R9rk', '280200306', 'http://dummyimage.com/100x100', 'Barry Gonzales', '2023-04-25 22:32:35', '2023-10-02 21:45:45', 0, 1);
INSERT INTO `sys_user` VALUES (17, 'BlSN4jLawY', '13159775126', 'http://dummyimage.com/100x100', 'Bruce Soto', '2024-10-10 22:20:09', '2023-05-21 04:17:12', 1, 1);
INSERT INTO `sys_user` VALUES (18, 'Zaz6jsJ3Sp', '17405904290', 'http://dummyimage.com/100x100', '吕白卡', '2023-11-18 02:57:17', '2024-12-28 23:21:56', 0, 0);
INSERT INTO `sys_user` VALUES (20, '4fzjbaTDkz', '16645744362', 'http://dummyimage.com/100x100', 'Susan Hunt', '2023-11-27 03:54:29', '2023-05-19 02:12:27', 0, 0);
INSERT INTO `sys_user` VALUES (21, 'MNo6kwZAqI', '7553211570', 'http://dummyimage.com/100x100', '郭震南', '2024-09-14 21:47:17', '2023-03-22 10:22:41', 1, 0);
INSERT INTO `sys_user` VALUES (22, '01oYi4uVgl', '201703802', 'http://dummyimage.com/100x100', '董嘉伦', '2023-06-11 07:57:16', '2023-03-13 05:34:03', 0, 0);
INSERT INTO `sys_user` VALUES (23, 'yatLhOMtP7', '19425694773', 'http://dummyimage.com/100x100', '孙璐', '2023-03-21 08:19:02', '2023-01-12 16:53:45', 0, 1);
INSERT INTO `sys_user` VALUES (24, '0jaPQu99sr', '17471469032', 'http://dummyimage.com/100x100', 'Lori Richardson', '2024-05-05 01:27:12', '2023-08-13 05:35:44', 1, 1);
INSERT INTO `sys_user` VALUES (25, '4g9ikBb2qQ', '17578244718', 'http://dummyimage.com/100x100', '严嘉伦', '2023-06-01 05:56:46', '2023-01-16 19:10:55', 1, 0);
INSERT INTO `sys_user` VALUES (26, 'JTJo3ZYzTd', '18836447330', 'http://dummyimage.com/100x100', '邵岚', '2023-02-05 10:44:43', '2023-08-13 04:08:14', 1, 1);
INSERT INTO `sys_user` VALUES (27, 'DCv3tih4H2', '7552413613', 'http://dummyimage.com/100x100', '毛晓明', '2024-08-04 09:58:04', '2024-01-25 04:10:01', 1, 1);
INSERT INTO `sys_user` VALUES (28, 'fvhFFZZUQM', '212901807', 'http://dummyimage.com/100x100', 'Herbert Gonzalez', '2023-01-03 21:55:20', '2024-04-09 18:16:08', 1, 0);
INSERT INTO `sys_user` VALUES (29, 'WurL7KC1lC', '7697781839', 'http://dummyimage.com/100x100', 'Tony Graham', '2023-06-26 16:22:01', '2023-03-14 07:52:30', 1, 0);
INSERT INTO `sys_user` VALUES (30, '1rr149aGm9', '2003361033', 'http://dummyimage.com/100x100', 'Herbert Cooper', '2024-06-03 02:51:55', '2023-04-28 23:29:02', 1, 0);
INSERT INTO `sys_user` VALUES (31, 'LawAf7Vazl', '17993418919', 'http://dummyimage.com/100x100', '武致远', '2024-10-17 03:43:01', '2024-03-10 17:12:33', 1, 0);
INSERT INTO `sys_user` VALUES (32, 'PmhJA9xrvB', '14129627246', 'http://dummyimage.com/100x100', '朱杰宏', '2023-02-13 01:04:44', '2023-07-14 00:10:11', 1, 1);
INSERT INTO `sys_user` VALUES (33, 'sfaJwvIwm5', '76063266044', 'http://dummyimage.com/100x100', '龙宇宁', '2023-02-03 20:51:41', '2023-03-10 16:00:30', 1, 1);
INSERT INTO `sys_user` VALUES (34, 'nYorXZoRR4', '7695617113', 'http://dummyimage.com/100x100', 'Charles Porter', '2023-06-20 08:09:24', '2023-01-12 10:30:36', 1, 1);
INSERT INTO `sys_user` VALUES (35, 'FCY7Oul1mY', '16327406199', 'http://dummyimage.com/100x100', '龚晓明', '2024-06-21 22:28:10', '2023-12-07 23:43:23', 0, 1);
INSERT INTO `sys_user` VALUES (36, 'jcrn8Sv1e7', '17992916704', 'http://dummyimage.com/100x100', 'Daniel Webb', '2023-01-19 00:41:40', '2024-04-11 11:45:28', 1, 1);
INSERT INTO `sys_user` VALUES (37, 'qnFdPL9n2p', '15036627926', 'http://dummyimage.com/100x100', '李子韬', '2023-10-02 07:19:38', '2023-03-10 05:14:31', 1, 1);
INSERT INTO `sys_user` VALUES (38, 'Vd7LjPoyM8', '7601774984', 'http://dummyimage.com/100x100', '宋子韬', '2023-05-03 22:38:04', '2024-06-14 17:49:33', 1, 0);
INSERT INTO `sys_user` VALUES (39, 'Fx1n0KQFfO', '75568213779', 'http://dummyimage.com/100x100', '尹晓明', '2023-11-22 10:02:08', '2023-02-21 09:29:28', 0, 0);
INSERT INTO `sys_user` VALUES (40, 'WgKHf6Wroe', '13147948441', 'http://dummyimage.com/100x100', '武晓明', '2023-03-27 23:37:48', '2023-09-19 19:49:33', 0, 1);
INSERT INTO `sys_user` VALUES (41, 'lFEQKZWLXt', '18782191858', 'http://dummyimage.com/100x100', '孙子韬', '2023-03-29 16:00:11', '2023-03-29 23:12:10', 0, 0);
INSERT INTO `sys_user` VALUES (42, 'cbHgxPWH49', '18168721574', 'http://dummyimage.com/100x100', 'Janet Griffin', '2024-01-05 13:37:47', '2024-07-06 05:25:46', 0, 0);
INSERT INTO `sys_user` VALUES (43, 'IzJhuUvtPq', '2023376544', 'http://dummyimage.com/100x100', 'Jesus Weaver', '2023-06-16 15:06:34', '2023-06-27 22:50:47', 1, 0);
INSERT INTO `sys_user` VALUES (44, 'Dm7Y2mDsjY', '218185533', 'http://dummyimage.com/100x100', '顾云熙', '2023-10-16 09:31:00', '2023-04-02 09:39:01', 1, 0);
INSERT INTO `sys_user` VALUES (45, 'KlR8iy4Hws', '214743152', 'http://dummyimage.com/100x100', 'Pamela Marshall', '2023-10-23 15:14:52', '2023-05-21 15:16:54', 1, 0);
INSERT INTO `sys_user` VALUES (46, 'X7Zw32DNDC', '76075919837', 'http://dummyimage.com/100x100', '沈嘉伦', '2023-02-12 05:21:46', '2023-05-31 04:00:44', 1, 0);
INSERT INTO `sys_user` VALUES (47, '5IAfjPS704', '281061445', 'http://dummyimage.com/100x100', 'Micheal Jimenez', '2023-07-10 04:49:47', '2024-05-06 09:23:17', 1, 0);
INSERT INTO `sys_user` VALUES (48, 'ZVK7RTj46N', '13478826864', 'http://dummyimage.com/100x100', '冯岚', '2023-06-23 01:47:59', '2023-03-28 06:26:38', 1, 0);
INSERT INTO `sys_user` VALUES (49, 'LWdkeXYfTD', '108302473', 'http://dummyimage.com/100x100', '谢璐', '2023-02-11 08:29:03', '2024-08-03 05:16:08', 1, 0);
INSERT INTO `sys_user` VALUES (51, '6LrBFqZOLJ', '107156107', 'http://dummyimage.com/100x100', '尹云熙', '2024-08-02 05:46:02', '2024-04-30 21:27:58', 0, 0);
INSERT INTO `sys_user` VALUES (52, 'ZmBjQre9vG', '75549076884', 'http://dummyimage.com/100x100', '邵宇宁', '2023-10-12 00:28:44', '2023-02-13 15:14:59', 1, 0);
INSERT INTO `sys_user` VALUES (53, 'SEmM2fKnfS', '14586378971', 'http://dummyimage.com/100x100', '严杰宏', '2024-06-17 15:42:45', '2023-12-16 13:32:06', 0, 0);
INSERT INTO `sys_user` VALUES (54, 'S8NMsR8ct8', '13280603873', 'http://dummyimage.com/100x100', '彭震南', '2023-04-08 00:32:45', '2023-06-06 16:23:21', 1, 1);
INSERT INTO `sys_user` VALUES (55, 'cCKRdrvqD6', '19156758226', 'http://dummyimage.com/100x100', '严宇宁', '2024-09-14 17:39:01', '2024-06-23 10:04:13', 0, 0);
INSERT INTO `sys_user` VALUES (56, '9bzgzS8w8C', '18972474129', 'http://dummyimage.com/100x100', 'Sandra Hunter', '2024-08-03 00:24:29', '2024-09-16 11:53:07', 1, 1);
INSERT INTO `sys_user` VALUES (57, 'BVkv4iITLp', '19576728656', 'http://dummyimage.com/100x100', 'Ralph Watson', '2023-05-26 11:43:39', '2024-05-26 23:19:08', 1, 0);
INSERT INTO `sys_user` VALUES (58, 'MSohz3EHrV', '76057768770', 'http://dummyimage.com/100x100', '沈詩涵', '2023-04-12 12:36:35', '2023-08-13 02:21:00', 0, 1);
INSERT INTO `sys_user` VALUES (59, 'JomvHqRgYl', '18564185772', 'http://dummyimage.com/100x100', '钟岚', '2023-11-05 18:57:40', '2023-06-16 07:52:53', 0, 0);
INSERT INTO `sys_user` VALUES (60, 'WkBJ0vjmSX', '18054332222', 'http://dummyimage.com/100x100', '方岚', '2024-04-15 00:51:07', '2024-11-03 01:52:39', 0, 1);
INSERT INTO `sys_user` VALUES (61, '8PZ83xtFgP', '2024661814', 'http://dummyimage.com/100x100', '张子异', '2023-07-26 20:27:17', '2023-11-12 07:57:57', 1, 0);
INSERT INTO `sys_user` VALUES (62, 'uNQIbZ1gBJ', '76032678849', 'http://dummyimage.com/100x100', 'Phyllis Soto', '2024-02-17 01:51:04', '2024-06-28 09:26:05', 1, 0);
INSERT INTO `sys_user` VALUES (63, 'sns0UMlbhm', '16621089426', 'http://dummyimage.com/100x100', 'Dorothy Chavez', '2024-04-15 12:45:47', '2023-04-12 20:31:32', 0, 1);
INSERT INTO `sys_user` VALUES (64, '6PRPseQAFC', '76051387930', 'http://dummyimage.com/100x100', '黄晓明', '2023-06-14 15:57:01', '2023-10-08 12:45:13', 0, 0);
INSERT INTO `sys_user` VALUES (65, 'ygsnudewen', '7600944004', 'http://dummyimage.com/100x100', '孙睿', '2023-02-10 09:31:27', '2023-04-10 20:35:28', 0, 0);
INSERT INTO `sys_user` VALUES (66, 'WvncdvTH53', '17033241253', 'http://dummyimage.com/100x100', 'Frank Hamilton', '2023-12-30 22:14:01', '2023-12-21 22:21:54', 0, 1);
INSERT INTO `sys_user` VALUES (67, 'tGcLdtqfeK', '76943513610', 'http://dummyimage.com/100x100', '邹子韬', '2023-03-17 03:00:27', '2023-10-03 12:27:46', 1, 0);
INSERT INTO `sys_user` VALUES (68, 'q6vIaJk4i6', '75594780329', 'http://dummyimage.com/100x100', '武震南', '2023-06-15 07:02:06', '2023-10-29 19:15:02', 0, 0);
INSERT INTO `sys_user` VALUES (69, 'gNDSAEqxCk', '7692106506', 'http://dummyimage.com/100x100', 'Mary Washington', '2024-02-23 07:10:07', '2024-05-08 17:06:25', 0, 0);
INSERT INTO `sys_user` VALUES (70, 'Mhlb0yb6h6', '18701697549', 'http://dummyimage.com/100x100', 'Irene Ortiz', '2024-08-27 19:32:31', '2023-09-14 00:36:32', 0, 1);
INSERT INTO `sys_user` VALUES (71, 'zefXEdTaaq', '7694162707', 'http://dummyimage.com/100x100', 'Edward Gutierrez', '2023-02-23 23:30:58', '2023-01-08 07:58:07', 1, 0);
INSERT INTO `sys_user` VALUES (72, '3m42nCyaLt', '18587472742', 'http://dummyimage.com/100x100', 'Martin Torres', '2023-04-21 01:35:44', '2023-08-07 08:28:39', 0, 0);
INSERT INTO `sys_user` VALUES (73, 'zvW6tQD9tI', '287556994', 'http://dummyimage.com/100x100', 'Laura Adams', '2023-08-20 23:51:50', '2023-01-10 11:47:59', 0, 1);
INSERT INTO `sys_user` VALUES (74, 't0ivTmAd23', '13193391277', 'http://dummyimage.com/100x100', 'Patricia Myers', '2024-03-05 06:11:55', '2023-08-18 01:18:01', 1, 0);
INSERT INTO `sys_user` VALUES (75, '7Cks58rNsj', '17685573727', 'http://dummyimage.com/100x100', '苏致远', '2023-09-16 20:24:14', '2024-08-09 05:53:02', 1, 0);
INSERT INTO `sys_user` VALUES (76, 'aI3qA2G1Ew', '2820427670', 'http://dummyimage.com/100x100', 'Shirley Perry', '2024-02-07 15:41:38', '2023-07-29 03:28:19', 1, 1);
INSERT INTO `sys_user` VALUES (77, 'YY8tzzZRrZ', '107237776', 'http://dummyimage.com/100x100', 'Johnny Thompson', '2024-07-12 18:43:45', '2023-07-30 16:09:15', 1, 1);
INSERT INTO `sys_user` VALUES (78, '9GDYwJDn7V', '18042618690', 'http://dummyimage.com/100x100', 'Donald Stone', '2024-10-18 04:09:38', '2023-05-03 13:07:07', 1, 1);
INSERT INTO `sys_user` VALUES (79, 'FICn776fQd', '16440631492', 'http://dummyimage.com/100x100', '秦秀英', '2023-08-25 08:54:36', '2023-01-06 05:26:42', 0, 0);
INSERT INTO `sys_user` VALUES (80, '7sVQy4iteF', '19327043892', 'http://dummyimage.com/100x100', 'Lucille Boyd', '2023-02-17 05:24:25', '2023-09-20 00:06:03', 0, 1);
INSERT INTO `sys_user` VALUES (81, '9sVbgFjmbC', '75571873700', 'http://dummyimage.com/100x100', '邹嘉伦', '2023-12-28 03:25:53', '2023-07-03 13:12:32', 0, 1);
INSERT INTO `sys_user` VALUES (82, '2pVJMvJ4EX', '16963426831', 'http://dummyimage.com/100x100', '郝杰宏', '2024-02-12 19:41:06', '2023-12-08 16:18:20', 0, 0);
INSERT INTO `sys_user` VALUES (83, 'v6uD5QTIuP', '17261317921', 'http://dummyimage.com/100x100', 'Carrie Myers', '2023-05-29 21:44:59', '2023-04-19 01:30:08', 1, 0);
INSERT INTO `sys_user` VALUES (84, 'BftHCSET2f', '16728252496', 'http://dummyimage.com/100x100', 'Debbie Spencer', '2023-07-14 20:01:58', '2023-07-08 07:35:11', 0, 1);
INSERT INTO `sys_user` VALUES (85, '4yxn5BkQjJ', '14310041920', 'http://dummyimage.com/100x100', 'Ralph White', '2024-09-12 09:02:31', '2023-08-29 01:29:35', 0, 1);
INSERT INTO `sys_user` VALUES (86, '8kJZYuOVvL', '18776821701', 'http://dummyimage.com/100x100', 'Janice Daniels', '2024-06-27 08:14:44', '2023-08-06 07:19:01', 0, 0);
INSERT INTO `sys_user` VALUES (87, 'c5lYGK3sDQ', '75591642737', 'http://dummyimage.com/100x100', 'Lois Anderson', '2023-04-22 13:25:41', '2024-01-04 08:17:49', 0, 0);
INSERT INTO `sys_user` VALUES (88, '8RvhCq58qC', '16280627513', 'http://dummyimage.com/100x100', '李子韬', '2024-10-05 02:05:31', '2024-07-04 21:02:25', 1, 0);
INSERT INTO `sys_user` VALUES (89, 'yoLLrEa7Sy', '103756032', 'http://dummyimage.com/100x100', '张岚', '2023-04-19 17:38:59', '2023-02-04 21:12:07', 0, 1);
INSERT INTO `sys_user` VALUES (90, 'IQymvcIZfw', '15989674268', 'http://dummyimage.com/100x100', 'Ann Marshall', '2024-09-05 20:27:39', '2023-08-24 12:23:50', 0, 0);
INSERT INTO `sys_user` VALUES (91, '5OUHrohFOs', '13670035775', 'http://dummyimage.com/100x100', 'Florence Lee', '2023-10-24 22:34:54', '2023-10-13 20:23:54', 1, 0);
INSERT INTO `sys_user` VALUES (92, 'ZXPhHS0Szg', '18499321388', 'http://dummyimage.com/100x100', 'Dale Harrison', '2024-10-22 18:32:15', '2023-12-29 23:52:31', 1, 0);
INSERT INTO `sys_user` VALUES (94, 'QZ0kEg7YLu', '7557797037', 'http://dummyimage.com/100x100', '高詩涵', '2023-03-10 04:50:20', '2023-01-27 14:20:01', 0, 0);
INSERT INTO `sys_user` VALUES (95, 'MXd9MGpbMF', '14942880076', 'http://dummyimage.com/100x100', '龚子韬', '2023-06-30 17:35:21', '2024-08-13 17:21:59', 1, 1);
INSERT INTO `sys_user` VALUES (96, 'MD1sV2i5FO', '7559985126', 'http://dummyimage.com/100x100', '范子异', '2024-08-02 07:35:22', '2023-01-19 15:55:02', 1, 1);
INSERT INTO `sys_user` VALUES (97, 'JRwTCNly42', '289638105', 'http://dummyimage.com/100x100', '谭璐', '2023-11-05 13:11:07', '2023-09-01 11:59:30', 1, 1);
INSERT INTO `sys_user` VALUES (98, 'y0TesQWi1O', '17158306870', 'http://dummyimage.com/100x100', 'Jane Gray', '2023-08-26 07:10:09', '2023-08-14 13:59:17', 0, 0);
INSERT INTO `sys_user` VALUES (99, '7epcVeoZeM', '76064895866', 'http://dummyimage.com/100x100', '雷秀英', '2024-09-10 00:28:56', '2023-11-27 08:23:43', 1, 0);
INSERT INTO `sys_user` VALUES (100, 'j1zmaOYyux', '15775926404', 'http://dummyimage.com/100x100', '蒋秀英', '2023-12-30 20:41:44', '2023-08-12 21:40:59', 0, 0);
INSERT INTO `sys_user` VALUES (101, 'RBStdlW4ql', '7693055887', 'http://dummyimage.com/100x100', 'Nicholas Dixon', '2024-05-10 09:18:04', '2023-09-01 11:13:59', 0, 1);
INSERT INTO `sys_user` VALUES (102, 'KpmmAFgB2k', '14379679681', 'http://dummyimage.com/100x100', 'Stephen Vargas', '2024-01-06 04:57:41', '2023-12-03 03:54:16', 1, 0);
INSERT INTO `sys_user` VALUES (103, 'IwxRSc3Am9', '15515190534', 'http://dummyimage.com/100x100', 'Bruce Wilson', '2024-05-31 15:52:56', '2024-03-03 22:20:26', 0, 1);
INSERT INTO `sys_user` VALUES (104, '8LtmPS79je', '15447943815', 'http://dummyimage.com/100x100', '莫晓明', '2023-05-02 23:58:49', '2023-07-18 06:05:20', 1, 1);
INSERT INTO `sys_user` VALUES (105, 'rs1DqFTGRJ', '107423582', 'http://dummyimage.com/100x100', '杜云熙', '2024-02-03 22:24:12', '2024-08-04 00:05:47', 1, 0);
INSERT INTO `sys_user` VALUES (106, 'Zj28Ew37O5', '15381552126', 'http://dummyimage.com/100x100', 'Carmen Hughes', '2023-07-16 01:35:30', '2023-04-14 08:11:11', 1, 1);
INSERT INTO `sys_user` VALUES (107, 'jBvR9MYWrI', '208706912', 'http://dummyimage.com/100x100', '丁致远', '2024-06-19 02:42:19', '2024-03-30 18:23:58', 0, 0);
INSERT INTO `sys_user` VALUES (108, 'ruES3tLIVe', '7695349758', 'http://dummyimage.com/100x100', '马宇宁', '2023-11-05 06:18:41', '2024-07-10 17:12:58', 1, 0);
INSERT INTO `sys_user` VALUES (109, 'tjdaU8XV76', '281459710', 'http://dummyimage.com/100x100', '李安琪', '2024-04-30 14:49:32', '2023-05-03 11:25:10', 1, 1);
INSERT INTO `sys_user` VALUES (110, '30BlKjCD2g', '75561759996', 'http://dummyimage.com/100x100', 'Anna Diaz', '2023-03-31 05:36:53', '2023-12-01 18:27:31', 0, 1);
INSERT INTO `sys_user` VALUES (111, 'cHa7steJUc', '102323546', 'http://dummyimage.com/100x100', 'Helen Butler', '2023-12-14 16:37:05', '2024-03-28 21:36:39', 1, 0);
INSERT INTO `sys_user` VALUES (112, 'PKpVNE2kmu', '17926288129', 'http://dummyimage.com/100x100', '江嘉伦', '2023-06-06 11:05:36', '2024-05-26 10:01:54', 1, 1);
INSERT INTO `sys_user` VALUES (113, '0RpIE5RVIC', '203779331', 'http://dummyimage.com/100x100', '吴秀英', '2024-03-27 16:54:04', '2023-10-22 17:45:43', 0, 0);
INSERT INTO `sys_user` VALUES (114, 'AIMRYtgy5p', '18125612915', 'http://dummyimage.com/100x100', '彭子异', '2023-11-16 05:57:33', '2023-03-22 21:00:49', 1, 1);
INSERT INTO `sys_user` VALUES (115, 'okkXBIyEWZ', '285216638', 'http://dummyimage.com/100x100', 'Stephanie Fernandez', '2023-03-26 11:31:10', '2024-03-27 07:59:53', 1, 0);
INSERT INTO `sys_user` VALUES (116, 'aeuax4OIFm', '14526644695', 'http://dummyimage.com/100x100', 'Sean Holmes', '2023-01-10 09:47:41', '2024-08-18 10:47:54', 1, 1);
INSERT INTO `sys_user` VALUES (117, 'EDS1RML7PZ', '16110782576', 'http://dummyimage.com/100x100', 'Ricky Fisher', '2023-08-13 13:03:19', '2024-01-16 05:04:05', 1, 0);
INSERT INTO `sys_user` VALUES (118, '1rPPGMfnwF', '205988540', 'http://dummyimage.com/100x100', 'Ernest Patel', '2024-04-21 12:59:30', '2023-11-28 12:46:22', 0, 1);
INSERT INTO `sys_user` VALUES (119, 'yh9Tq4BsGa', '7600505244', 'http://dummyimage.com/100x100', 'Kim Wright', '2023-11-23 00:43:39', '2023-09-26 00:18:49', 0, 1);
INSERT INTO `sys_user` VALUES (120, '0plAiXNseF', '216127764', 'http://dummyimage.com/100x100', 'Laura Robinson', '2024-02-05 19:57:51', '2024-09-26 11:57:02', 1, 1);
INSERT INTO `sys_user` VALUES (121, 'j7sBFnVx4p', '1065554871', 'http://dummyimage.com/100x100', 'Ann Alexander', '2024-06-05 20:22:16', '2023-05-10 18:10:54', 1, 0);
INSERT INTO `sys_user` VALUES (122, 'j88rrGVjZp', '16508128608', 'http://dummyimage.com/100x100', 'Dale Hunter', '2023-12-04 05:35:49', '2023-09-11 23:44:00', 1, 1);
INSERT INTO `sys_user` VALUES (123, 'PSqEysxNto', '2068355973', 'http://dummyimage.com/100x100', 'Arthur Patterson', '2024-01-25 16:22:24', '2023-09-01 13:31:04', 0, 1);
INSERT INTO `sys_user` VALUES (124, 'Ivi0Kmj2eo', '213391530', 'http://dummyimage.com/100x100', 'Joanne Mcdonald', '2023-02-07 12:45:48', '2024-06-14 06:40:11', 1, 0);
INSERT INTO `sys_user` VALUES (125, 'yvic1dHUkH', '18468933269', 'http://dummyimage.com/100x100', 'Doris Robinson', '2024-01-27 11:51:45', '2024-09-19 05:48:28', 0, 1);
INSERT INTO `sys_user` VALUES (126, 'PdIRWzIXRq', '13287636444', 'http://dummyimage.com/100x100', '罗睿', '2024-08-25 17:30:10', '2023-07-25 00:49:12', 0, 1);
INSERT INTO `sys_user` VALUES (127, '0eVBuoocxL', '18849662744', 'http://dummyimage.com/100x100', '冯岚', '2023-12-13 09:46:38', '2024-06-28 00:07:37', 0, 0);
INSERT INTO `sys_user` VALUES (128, 'ugYcUbsPsO', '17898532903', 'http://dummyimage.com/100x100', '何睿', '2024-10-18 22:47:42', '2023-03-11 06:44:31', 0, 0);
INSERT INTO `sys_user` VALUES (129, 'K1taaK76gt', '18284911769', 'http://dummyimage.com/100x100', '龙杰宏', '2023-08-07 09:19:00', '2023-07-07 04:16:18', 1, 1);
INSERT INTO `sys_user` VALUES (130, '3kMM3kB3dm', '75516019021', 'http://dummyimage.com/100x100', 'Donna Powell', '2023-10-10 09:49:35', '2024-08-24 08:19:50', 0, 0);
INSERT INTO `sys_user` VALUES (131, 'cunEUKbvW2', '7557023909', 'http://dummyimage.com/100x100', 'Don Taylor', '2024-08-06 17:12:40', '2024-05-16 06:40:58', 0, 0);
INSERT INTO `sys_user` VALUES (132, '28kPyJk3MU', '2031962619', 'http://dummyimage.com/100x100', 'Ryan Torres', '2024-01-27 12:57:00', '2024-09-07 08:42:33', 1, 1);
INSERT INTO `sys_user` VALUES (133, 'EQojvwn0H1', '15900126705', 'http://dummyimage.com/100x100', '金子异', '2023-07-04 16:02:30', '2024-02-28 00:40:27', 1, 0);
INSERT INTO `sys_user` VALUES (134, 'skP3urprUz', '285217777', 'http://dummyimage.com/100x100', 'Phillip Boyd', '2023-03-16 03:28:36', '2024-05-17 13:39:25', 1, 1);
INSERT INTO `sys_user` VALUES (135, 'bCf33upD1C', '7607483818', 'http://dummyimage.com/100x100', '孔岚', '2023-04-05 07:06:21', '2023-12-31 20:43:19', 0, 0);
INSERT INTO `sys_user` VALUES (136, 'j2gtqYht09', '13360142821', 'http://dummyimage.com/100x100', 'Joyce Sullivan', '2024-07-24 23:06:10', '2023-12-12 21:02:59', 1, 1);
INSERT INTO `sys_user` VALUES (137, 'MffnHzUCuC', '19404707706', 'http://dummyimage.com/100x100', '夏安琪', '2023-06-25 17:37:25', '2023-03-01 10:36:20', 0, 0);
INSERT INTO `sys_user` VALUES (138, 'lWaa84zLpY', '16180341748', 'http://dummyimage.com/100x100', 'Ricky Ruiz', '2024-02-23 21:11:04', '2023-10-05 19:07:43', 0, 0);
INSERT INTO `sys_user` VALUES (139, 'wERvpMiaYR', '19059805482', 'http://dummyimage.com/100x100', '姚安琪', '2024-08-11 23:28:17', '2024-01-03 00:16:19', 1, 1);
INSERT INTO `sys_user` VALUES (140, 'wYDSkhMMcP', '16330163147', 'http://dummyimage.com/100x100', '叶震南', '2024-02-06 09:53:49', '2023-05-03 07:49:06', 1, 1);
INSERT INTO `sys_user` VALUES (141, 'LQRKdvbnfX', '14534230163', 'http://dummyimage.com/100x100', 'Chad Palmer', '2023-12-17 12:18:56', '2023-02-09 15:35:17', 0, 0);
INSERT INTO `sys_user` VALUES (142, 'nY3igBNQDZ', '75559838384', 'http://dummyimage.com/100x100', 'Amy Mills', '2024-01-23 01:02:09', '2024-06-26 21:21:08', 0, 0);
INSERT INTO `sys_user` VALUES (143, 'IM0BaFi9v3', '1052378714', 'http://dummyimage.com/100x100', '徐杰宏', '2024-07-13 12:29:10', '2023-06-06 08:56:27', 1, 0);
INSERT INTO `sys_user` VALUES (144, 's1W4egtocf', '13434656392', 'http://dummyimage.com/100x100', 'Joe Vargas', '2024-10-02 15:42:30', '2023-02-02 17:35:38', 1, 0);
INSERT INTO `sys_user` VALUES (145, 'KPtvzAtCN4', '18318649517', 'http://dummyimage.com/100x100', '赵睿', '2023-06-01 18:47:51', '2024-08-11 13:37:10', 0, 0);
INSERT INTO `sys_user` VALUES (146, 'OfwO6rQ8J5', '19131317117', 'http://dummyimage.com/100x100', '方詩涵', '2024-10-02 07:38:21', '2024-08-03 20:40:34', 0, 0);
INSERT INTO `sys_user` VALUES (147, '5TotJ2pZO8', '7695313767', 'http://dummyimage.com/100x100', '姚晓明', '2024-10-17 07:11:03', '2024-05-09 01:08:04', 0, 0);
INSERT INTO `sys_user` VALUES (148, 'yMAI5Fc8l0', '7605632190', 'http://dummyimage.com/100x100', 'Jane Mendez', '2024-08-01 00:56:16', '2024-04-18 15:59:59', 0, 0);
INSERT INTO `sys_user` VALUES (149, 'rTZcGAPBC8', '76002419530', 'http://dummyimage.com/100x100', '姜詩涵', '2023-05-17 00:57:36', '2024-07-18 16:04:46', 1, 1);
INSERT INTO `sys_user` VALUES (150, 'Vp9JFBlSen', '2120075527', 'http://dummyimage.com/100x100', '侯子韬', '2023-10-06 16:39:17', '2023-08-03 19:29:55', 1, 0);
INSERT INTO `sys_user` VALUES (151, 'CYDodPllAG', '18587886120', 'http://dummyimage.com/100x100', '孟晓明', '2023-02-21 00:37:22', '2023-08-16 22:52:46', 0, 1);
INSERT INTO `sys_user` VALUES (152, 'hpuxCk2TXC', '18729739372', 'http://dummyimage.com/100x100', '蒋子韬', '2023-07-11 18:07:44', '2023-01-16 14:55:15', 1, 1);
INSERT INTO `sys_user` VALUES (153, 'Mp6ftpsHGO', '208514950', 'http://dummyimage.com/100x100', 'Cindy Gonzales', '2023-04-12 22:01:25', '2024-09-15 06:17:23', 1, 0);
INSERT INTO `sys_user` VALUES (154, 'BG0BRX8I2c', '76911814418', 'http://dummyimage.com/100x100', '萧宇宁', '2024-04-24 04:44:42', '2023-11-02 08:02:01', 0, 0);
INSERT INTO `sys_user` VALUES (155, '6dxVQRa1nd', '18796293576', 'http://dummyimage.com/100x100', 'Douglas Dunn', '2023-07-31 17:52:35', '2023-04-16 07:34:24', 1, 1);
INSERT INTO `sys_user` VALUES (156, 'Yh6cHNRN10', '1062250775', 'http://dummyimage.com/100x100', 'Marilyn Munoz', '2024-08-02 12:20:03', '2023-12-12 12:01:07', 0, 1);
INSERT INTO `sys_user` VALUES (157, 'RpgSLNGtwf', '7694948765', 'http://dummyimage.com/100x100', '常安琪', '2023-07-06 00:16:51', '2023-09-14 21:13:59', 1, 1);
INSERT INTO `sys_user` VALUES (158, 'CfQ77z9hMO', '208205442', 'http://dummyimage.com/100x100', 'Carol Gonzales', '2023-04-28 08:19:22', '2023-04-14 04:37:03', 1, 0);
INSERT INTO `sys_user` VALUES (159, 'Vq7QAwjEQf', '19839020631', 'http://dummyimage.com/100x100', '龚云熙', '2023-04-08 21:59:34', '2024-02-15 23:09:55', 1, 0);
INSERT INTO `sys_user` VALUES (160, 'FjbgGSSYId', '2800839747', 'http://dummyimage.com/100x100', '段宇宁', '2023-06-18 20:38:13', '2023-09-24 04:56:53', 0, 0);
INSERT INTO `sys_user` VALUES (161, '7MIegQPo3I', '17725034006', 'http://dummyimage.com/100x100', '徐睿', '2023-02-21 01:05:34', '2024-09-11 19:42:51', 0, 1);
INSERT INTO `sys_user` VALUES (162, 'eBznoAOpPz', '13890859890', 'http://dummyimage.com/100x100', '程晓明', '2023-11-06 09:59:51', '2024-04-06 05:33:29', 0, 0);
INSERT INTO `sys_user` VALUES (163, 'I8rwEe7bjU', '2874773926', 'http://dummyimage.com/100x100', '武秀英', '2023-01-18 06:30:06', '2024-03-20 09:57:14', 1, 0);
INSERT INTO `sys_user` VALUES (164, 'U8saDhrtMM', '18764214688', 'http://dummyimage.com/100x100', '韩杰宏', '2024-03-19 06:59:43', '2024-05-11 07:32:40', 1, 1);
INSERT INTO `sys_user` VALUES (165, 'sitg7B6YRs', '13181673206', 'http://dummyimage.com/100x100', '贺致远', '2024-10-08 10:17:33', '2023-01-16 02:48:43', 0, 1);
INSERT INTO `sys_user` VALUES (166, 'Yx7Vx6ge9o', '16753207529', 'http://dummyimage.com/100x100', 'Anna Crawford', '2023-04-19 21:44:13', '2024-02-18 21:32:08', 1, 0);
INSERT INTO `sys_user` VALUES (167, 'Vq3qKxCvhI', '15265795640', 'http://dummyimage.com/100x100', '孟杰宏', '2023-10-07 11:04:06', '2023-02-28 13:12:52', 1, 1);
INSERT INTO `sys_user` VALUES (168, 'hJOy0cAC5E', '76992671744', 'http://dummyimage.com/100x100', 'Dorothy Grant', '2023-09-09 04:25:18', '2023-05-16 07:31:35', 0, 0);
INSERT INTO `sys_user` VALUES (169, 'k1dw78DlEh', '208711839', 'http://dummyimage.com/100x100', '曾秀英', '2023-05-15 12:47:19', '2023-11-29 11:53:15', 1, 0);
INSERT INTO `sys_user` VALUES (170, 'XJFauNpxOA', '101876680', 'http://dummyimage.com/100x100', '刘安琪', '2023-05-19 23:16:39', '2023-06-02 02:47:39', 1, 1);
INSERT INTO `sys_user` VALUES (171, 'SEp2jtOHMw', '13072384944', 'http://dummyimage.com/100x100', '黄岚', '2024-01-18 16:36:51', '2023-10-16 05:57:31', 1, 1);
INSERT INTO `sys_user` VALUES (172, 'lu9gNIIgj5', '208196245', 'http://dummyimage.com/100x100', 'Randy Walker', '2023-11-18 09:57:00', '2024-07-27 05:41:02', 0, 0);
INSERT INTO `sys_user` VALUES (173, 'hq6Ul8JQMi', '14393773560', 'http://dummyimage.com/100x100', 'Curtis Aguilar', '2023-03-03 18:16:33', '2023-12-10 19:13:24', 1, 1);
INSERT INTO `sys_user` VALUES (174, '5AkxvecRyM', '14411080197', 'http://dummyimage.com/100x100', '汪嘉伦', '2024-08-29 00:45:02', '2024-04-26 09:40:59', 0, 0);
INSERT INTO `sys_user` VALUES (175, '8fYMY0CYar', '14152740058', 'http://dummyimage.com/100x100', '徐睿', '2023-10-09 18:03:42', '2023-08-19 23:51:24', 0, 1);
INSERT INTO `sys_user` VALUES (176, 'dYDp0dv0SR', '17395445609', 'http://dummyimage.com/100x100', '任子韬', '2024-01-18 19:22:22', '2024-01-26 02:32:39', 1, 1);
INSERT INTO `sys_user` VALUES (177, 'K14E8WG3cj', '17515964116', 'http://dummyimage.com/100x100', '莫晓明', '2023-10-21 20:56:52', '2023-12-17 12:20:37', 1, 1);
INSERT INTO `sys_user` VALUES (178, '73YVOdpOqy', '2808904369', 'http://dummyimage.com/100x100', 'Lucille Washington', '2023-05-07 08:39:45', '2023-03-01 07:50:44', 0, 1);
INSERT INTO `sys_user` VALUES (179, 'jxhwglFTY3', '210213838', 'http://dummyimage.com/100x100', 'Howard Young', '2023-01-12 08:24:27', '2023-05-24 17:15:38', 1, 1);
INSERT INTO `sys_user` VALUES (180, 'PCZWIEDIOE', '1000312527', 'http://dummyimage.com/100x100', '范子异', '2023-10-10 10:20:59', '2023-07-08 06:44:47', 0, 0);
INSERT INTO `sys_user` VALUES (181, 'KpAHmuG1eF', '18308581527', 'http://dummyimage.com/100x100', 'Ruby Henderson', '2023-03-30 19:44:58', '2024-02-27 15:27:52', 0, 1);
INSERT INTO `sys_user` VALUES (182, 'WaPs7Ms8lG', '17923920898', 'http://dummyimage.com/100x100', 'Kenneth Gray', '2023-04-21 06:37:18', '2023-06-17 09:40:56', 0, 1);
INSERT INTO `sys_user` VALUES (183, 'ej8eHwkx4R', '7604479442', 'http://dummyimage.com/100x100', 'Shawn James', '2023-02-10 13:02:37', '2024-04-18 10:53:34', 0, 0);
INSERT INTO `sys_user` VALUES (184, 'ds0Y7dTulX', '7697349952', 'http://dummyimage.com/100x100', 'Gloria Gardner', '2024-04-09 18:14:27', '2024-04-24 02:09:35', 0, 1);
INSERT INTO `sys_user` VALUES (185, 'Ik2vWGHA3j', '2036608204', 'http://dummyimage.com/100x100', 'Helen Johnson', '2023-11-14 08:34:38', '2023-08-25 11:08:11', 0, 1);
INSERT INTO `sys_user` VALUES (186, 'pXqc4uUxRu', '14073128802', 'http://dummyimage.com/100x100', '姜子异', '2023-06-29 03:42:38', '2023-06-24 12:06:56', 1, 0);
INSERT INTO `sys_user` VALUES (187, 'rPTbUG18j9', '1009380005', 'http://dummyimage.com/100x100', 'Sylvia Vasquez', '2024-07-14 10:03:54', '2024-06-20 02:59:37', 1, 1);
INSERT INTO `sys_user` VALUES (188, 'oBnAQyRFth', '104453961', 'http://dummyimage.com/100x100', 'Jennifer Jones', '2023-02-06 01:22:54', '2023-04-19 13:21:17', 1, 0);
INSERT INTO `sys_user` VALUES (189, '49yBXyXzkb', '76080121530', 'http://dummyimage.com/100x100', 'Luis Perez', '2023-08-29 02:50:38', '2023-03-29 15:53:42', 0, 0);
INSERT INTO `sys_user` VALUES (190, 'SSwcpniO07', '14269978489', 'http://dummyimage.com/100x100', 'Joanne Ross', '2024-03-21 06:34:03', '2024-04-22 11:50:22', 1, 1);
INSERT INTO `sys_user` VALUES (191, 'eaDgqQiy73', '18721149367', 'http://dummyimage.com/100x100', '吴震南', '2024-08-27 18:17:25', '2024-08-25 07:40:53', 0, 1);
INSERT INTO `sys_user` VALUES (192, 'MBaollKECR', '76039415922', 'http://dummyimage.com/100x100', '向宇宁', '2024-06-07 02:12:58', '2024-03-09 00:59:39', 0, 0);
INSERT INTO `sys_user` VALUES (193, 'ikV1Ay2qoe', '7552408831', 'http://dummyimage.com/100x100', '江嘉伦', '2023-12-15 07:36:55', '2023-09-09 15:34:53', 1, 1);
INSERT INTO `sys_user` VALUES (194, 'Y74QTZ05tw', '1070284599', 'http://dummyimage.com/100x100', 'Bernard Black', '2023-04-03 08:18:18', '2024-08-05 00:00:02', 0, 0);
INSERT INTO `sys_user` VALUES (195, 'cxrATZE57f', '17718831158', 'http://dummyimage.com/100x100', 'Henry Moore', '2024-09-24 18:45:55', '2023-04-09 09:26:34', 1, 0);
INSERT INTO `sys_user` VALUES (196, 'MdKT8fEENa', '13006320831', 'http://dummyimage.com/100x100', 'Pamela Baker', '2023-09-20 21:09:11', '2023-09-26 21:42:29', 1, 1);
INSERT INTO `sys_user` VALUES (197, 'C1kfRNzcMR', '76087249075', 'http://dummyimage.com/100x100', 'Monica Perry', '2023-01-11 03:38:53', '2023-10-31 05:57:40', 0, 0);
INSERT INTO `sys_user` VALUES (198, 'wMfiCEb9Cj', '75559195108', 'http://dummyimage.com/100x100', 'Carrie Hunt', '2024-05-24 09:03:45', '2023-05-07 12:24:30', 1, 0);
INSERT INTO `sys_user` VALUES (199, 'yEyqS0Xes7', '75562226299', 'http://dummyimage.com/100x100', 'Cindy Clark', '2024-06-11 10:39:22', '2023-03-27 20:53:18', 1, 1);
INSERT INTO `sys_user` VALUES (200, 'fqgH6sv84c', '17329253568', 'http://dummyimage.com/100x100', '沈秀英', '2023-04-28 17:17:44', '2023-06-18 02:17:05', 1, 0);
INSERT INTO `sys_user` VALUES (201, 'aVslHbEERI', '17913139357', 'http://dummyimage.com/100x100', 'Bobby Thompson', '2023-11-21 06:45:56', '2024-05-24 21:50:57', 1, 1);
INSERT INTO `sys_user` VALUES (202, 'ZyQd84ZpB3', '14305175677', 'http://dummyimage.com/100x100', '卢宇宁', '2023-06-01 12:42:46', '2023-12-30 06:30:26', 1, 0);
INSERT INTO `sys_user` VALUES (203, 'Qumj0g3Gbk', '14405678410', 'http://dummyimage.com/100x100', 'Gladys Shaw', '2024-03-18 20:04:37', '2023-10-26 17:32:04', 1, 0);
INSERT INTO `sys_user` VALUES (204, 'cUQZMBaYm4', '2073846858', 'http://dummyimage.com/100x100', '董晓明', '2023-12-22 21:02:07', '2023-04-30 22:07:33', 1, 1);
INSERT INTO `sys_user` VALUES (205, 'R8MO4Necax', '210443596', 'http://dummyimage.com/100x100', '陆云熙', '2024-02-29 06:42:44', '2024-01-21 08:16:27', 1, 1);
INSERT INTO `sys_user` VALUES (206, 'gjGLKFhN2l', '2180301349', 'http://dummyimage.com/100x100', 'Samuel Gordon', '2023-11-04 15:37:19', '2024-05-12 14:39:39', 0, 1);
INSERT INTO `sys_user` VALUES (207, 'z0VQgehm8u', '1049440421', 'http://dummyimage.com/100x100', '孟嘉伦', '2024-03-15 10:46:45', '2023-09-09 16:40:29', 0, 1);
INSERT INTO `sys_user` VALUES (208, 's5MK0lue79', '16117650901', 'http://dummyimage.com/100x100', '严子异', '2023-10-19 02:50:51', '2023-10-25 14:15:28', 0, 1);
INSERT INTO `sys_user` VALUES (209, 'weAY4DjXjU', '76056358181', 'http://dummyimage.com/100x100', 'Luis Morris', '2024-04-28 17:26:23', '2023-04-23 09:15:12', 0, 1);
INSERT INTO `sys_user` VALUES (210, 'QEWaGujqr5', '102181905', 'http://dummyimage.com/100x100', '董安琪', '2024-05-20 22:24:37', '2023-12-12 08:49:03', 0, 0);
INSERT INTO `sys_user` VALUES (211, '0WIxtq0AWU', '7552255566', 'http://dummyimage.com/100x100', 'Leonard Hamilton', '2024-02-18 15:26:36', '2024-09-10 00:49:25', 0, 0);
INSERT INTO `sys_user` VALUES (212, 'c8FzbRBHUl', '106513423', 'http://dummyimage.com/100x100', 'Connie Watson', '2023-05-14 16:33:46', '2023-11-14 00:23:25', 1, 0);
INSERT INTO `sys_user` VALUES (213, 'UEnwtPmMhz', '7699932201', 'http://dummyimage.com/100x100', '陶秀英', '2024-07-28 11:30:36', '2024-02-16 04:07:26', 0, 1);
INSERT INTO `sys_user` VALUES (214, 'EW2CwY7t4g', '7552040530', 'http://dummyimage.com/100x100', 'Marcus Boyd', '2023-02-08 19:12:02', '2023-02-09 17:21:59', 0, 1);
INSERT INTO `sys_user` VALUES (216, '7nyTO3rS5s', '2046991097', 'http://dummyimage.com/100x100', 'Dale White', '2023-07-05 18:49:31', '2023-09-21 10:38:03', 0, 1);
INSERT INTO `sys_user` VALUES (217, '14ByoBO0sY', '13072193962', 'http://dummyimage.com/100x100', '谢秀英', '2023-02-27 20:42:59', '2023-02-14 18:19:36', 0, 1);
INSERT INTO `sys_user` VALUES (218, 'MNmGiLEVrA', '19280541266', 'http://dummyimage.com/100x100', '傅杰宏', '2023-02-07 03:40:38', '2024-05-16 08:01:26', 0, 0);
INSERT INTO `sys_user` VALUES (219, 'zxzwBJ0Bez', '13813541138', 'http://dummyimage.com/100x100', 'Alan Johnson', '2023-03-12 13:11:40', '2023-05-01 01:25:18', 0, 0);
INSERT INTO `sys_user` VALUES (220, 'eCznMJ3OgA', '18333422392', 'http://dummyimage.com/100x100', 'Patricia Morgan', '2023-12-23 10:49:09', '2023-12-28 05:57:13', 1, 1);
INSERT INTO `sys_user` VALUES (221, 'yeDHqGUQgv', '17583875804', 'http://dummyimage.com/100x100', '戴震南', '2023-02-07 02:24:07', '2023-08-03 11:57:27', 0, 1);
INSERT INTO `sys_user` VALUES (222, 'ryHAP52GDH', '16383146801', 'http://dummyimage.com/100x100', '吴致远', '2023-03-03 13:21:04', '2023-09-13 17:19:20', 1, 1);
INSERT INTO `sys_user` VALUES (223, 'NhHwerew64', '15111316970', 'http://dummyimage.com/100x100', 'Paul Wallace', '2023-11-17 12:42:13', '2024-02-11 00:13:17', 0, 0);
INSERT INTO `sys_user` VALUES (224, 'Elou8yYaW4', '18526919617', 'http://dummyimage.com/100x100', '傅嘉伦', '2024-09-11 14:02:16', '2024-08-16 11:23:59', 0, 0);
INSERT INTO `sys_user` VALUES (225, 'OAEsV4jDKk', '201028635', 'http://dummyimage.com/100x100', '林子韬', '2023-09-10 05:13:47', '2024-07-30 05:58:40', 1, 1);
INSERT INTO `sys_user` VALUES (226, 'meu59JsK6x', '75579224203', 'http://dummyimage.com/100x100', 'Emily Reed', '2024-09-07 04:36:02', '2023-11-17 01:40:39', 0, 0);
INSERT INTO `sys_user` VALUES (227, '3dZGtzVXV1', '1005609280', 'http://dummyimage.com/100x100', '戴秀英', '2024-03-09 22:16:24', '2024-08-25 19:26:06', 1, 0);
INSERT INTO `sys_user` VALUES (228, 'zM6VPqVsJa', '17891232135', 'http://dummyimage.com/100x100', '谭晓明', '2024-06-07 09:34:32', '2024-05-07 01:39:05', 0, 0);
INSERT INTO `sys_user` VALUES (229, '0boG9zZw6X', '15341636746', 'http://dummyimage.com/100x100', '张震南', '2024-07-30 14:41:17', '2024-03-15 05:20:06', 1, 0);
INSERT INTO `sys_user` VALUES (230, 'RAM1DNdGQq', '76078231846', 'http://dummyimage.com/100x100', 'Doris Morris', '2023-06-28 21:29:16', '2024-06-28 08:58:53', 1, 1);
INSERT INTO `sys_user` VALUES (231, '9C63LBBcma', '19026298603', 'http://dummyimage.com/100x100', '陈宇宁', '2023-02-18 20:11:04', '2024-05-24 09:02:06', 1, 1);
INSERT INTO `sys_user` VALUES (232, 'RjBw7vpA63', '17217807981', 'http://dummyimage.com/100x100', '郝秀英', '2024-09-23 15:07:37', '2023-12-02 20:07:44', 0, 0);
INSERT INTO `sys_user` VALUES (233, 'rjCVgd19lN', '17127067624', 'http://dummyimage.com/100x100', 'Crystal Gonzales', '2024-01-15 15:03:51', '2024-01-28 12:09:19', 0, 1);
INSERT INTO `sys_user` VALUES (234, 'Y4B8H0WVy6', '1057687790', 'http://dummyimage.com/100x100', 'Josephine Phillips', '2024-10-15 07:54:04', '2023-07-21 22:12:02', 1, 1);
INSERT INTO `sys_user` VALUES (235, 'wWB3iwchTQ', '16143646220', 'http://dummyimage.com/100x100', 'Ryan Rivera', '2023-07-15 13:35:30', '2023-06-24 12:51:16', 1, 0);
INSERT INTO `sys_user` VALUES (236, 'c5mlRCOk1K', '16954202008', 'http://dummyimage.com/100x100', 'Amber Herrera', '2023-07-12 17:04:02', '2023-06-26 19:38:34', 1, 1);
INSERT INTO `sys_user` VALUES (237, 'XMboObib1d', '16172599726', 'http://dummyimage.com/100x100', 'Peggy Cox', '2024-04-16 10:52:04', '2024-05-11 13:38:36', 1, 0);
INSERT INTO `sys_user` VALUES (238, 'yot6XBwAzN', '2815869379', 'http://dummyimage.com/100x100', '傅安琪', '2023-11-16 19:33:22', '2024-04-18 07:15:26', 1, 1);
INSERT INTO `sys_user` VALUES (239, 'q4BPWax0qc', '18030258268', 'http://dummyimage.com/100x100', 'Kevin Miller', '2023-08-23 22:24:05', '2024-08-31 08:16:09', 0, 1);
INSERT INTO `sys_user` VALUES (240, 'fUBTirZxeT', '75521352566', 'http://dummyimage.com/100x100', '袁晓明', '2023-06-21 03:21:57', '2023-01-20 21:06:25', 0, 0);
INSERT INTO `sys_user` VALUES (241, 'f8Pn2a5r6h', '76046876615', 'http://dummyimage.com/100x100', '李子韬', '2023-10-20 22:15:32', '2023-02-22 22:36:29', 0, 0);
INSERT INTO `sys_user` VALUES (242, 'CcCzObepnY', '19264981737', 'http://dummyimage.com/100x100', '潘睿', '2023-04-23 03:34:59', '2023-11-10 03:01:38', 0, 0);
INSERT INTO `sys_user` VALUES (243, 'sW0lxEHgHl', '14414904862', 'http://dummyimage.com/100x100', '吴詩涵', '2024-01-08 07:15:51', '2023-10-20 04:22:28', 0, 0);
INSERT INTO `sys_user` VALUES (244, 'KGBF4njfcd', '2801271573', 'http://dummyimage.com/100x100', 'Denise Stewart', '2023-03-24 04:58:28', '2024-09-01 22:02:40', 0, 0);
INSERT INTO `sys_user` VALUES (245, 'Gpp1KE8trE', '19747078942', 'http://dummyimage.com/100x100', 'Theresa Crawford', '2024-05-25 07:20:54', '2024-02-05 01:38:02', 1, 0);
INSERT INTO `sys_user` VALUES (246, 'dgWFb5PixK', '13203847647', 'http://dummyimage.com/100x100', 'Ashley Nguyen', '2023-06-11 22:39:45', '2023-03-20 17:06:05', 1, 0);
INSERT INTO `sys_user` VALUES (247, '9zxoJXNUzM', '14984852086', 'http://dummyimage.com/100x100', 'Paula Snyder', '2023-06-18 13:15:02', '2023-04-08 05:04:40', 0, 1);
INSERT INTO `sys_user` VALUES (248, 'WFpvbCpRLd', '2046035708', 'http://dummyimage.com/100x100', 'Juanita Chavez', '2023-08-31 02:19:33', '2023-05-29 00:01:46', 1, 0);
INSERT INTO `sys_user` VALUES (249, 'hWQLjjkpwq', '19248305391', 'http://dummyimage.com/100x100', '董岚', '2023-07-20 05:03:36', '2024-02-16 09:18:49', 1, 0);
INSERT INTO `sys_user` VALUES (250, 'bCwAiEudZf', '14601035705', 'http://dummyimage.com/100x100', '尹致远', '2024-08-08 22:56:23', '2023-09-13 03:01:22', 1, 1);
INSERT INTO `sys_user` VALUES (251, 'Ftl6wATsPK', '18333807743', 'http://dummyimage.com/100x100', '任宇宁', '2024-01-18 06:15:58', '2024-03-27 06:11:40', 0, 1);
INSERT INTO `sys_user` VALUES (252, 'bAY5WQotFK', '18601434441', 'http://dummyimage.com/100x100', 'Manuel Dixon', '2024-02-25 10:10:37', '2023-12-05 01:22:05', 0, 0);
INSERT INTO `sys_user` VALUES (253, 'gTVsKGLbZB', '207180681', 'http://dummyimage.com/100x100', '田杰宏', '2023-05-24 18:46:23', '2023-04-29 07:17:27', 0, 0);
INSERT INTO `sys_user` VALUES (254, 'a4HzD13xCY', '1039741333', 'http://dummyimage.com/100x100', '谢詩涵', '2023-01-23 05:58:21', '2024-01-29 15:14:10', 0, 0);
INSERT INTO `sys_user` VALUES (255, 'qIeT3OeiuA', '17524156670', 'http://dummyimage.com/100x100', 'Stephen Moore', '2023-05-30 10:58:57', '2023-03-25 14:17:36', 1, 0);
INSERT INTO `sys_user` VALUES (257, 'R0VCCaxGCI', '16309703912', 'http://dummyimage.com/100x100', '孔晓明', '2024-01-07 09:16:02', '2023-11-15 04:21:52', 1, 0);
INSERT INTO `sys_user` VALUES (258, 'ohE1VDqmm1', '17495799263', 'http://dummyimage.com/100x100', '孟詩涵', '2024-04-14 04:47:11', '2023-06-07 07:53:45', 0, 1);
INSERT INTO `sys_user` VALUES (259, 'KezScRvhLV', '19389057616', 'http://dummyimage.com/100x100', 'Theresa Perry', '2023-12-30 20:38:53', '2023-03-24 17:45:32', 1, 0);
INSERT INTO `sys_user` VALUES (260, 'l46cGC5f2f', '14041680391', 'http://dummyimage.com/100x100', 'Eddie Warren', '2024-04-18 16:56:28', '2024-03-07 07:59:52', 0, 0);
INSERT INTO `sys_user` VALUES (261, 'IqcBwNxQPR', '216036625', 'http://dummyimage.com/100x100', 'Joe Roberts', '2023-11-24 14:18:50', '2023-01-04 12:48:34', 1, 0);
INSERT INTO `sys_user` VALUES (262, 'TiMTnBFC9u', '17885444640', 'http://dummyimage.com/100x100', 'George Burns', '2023-10-30 14:26:43', '2024-07-24 23:54:37', 1, 1);
INSERT INTO `sys_user` VALUES (263, 'HEMWtn0VVa', '7699303285', 'http://dummyimage.com/100x100', '戴晓明', '2023-03-12 17:07:56', '2024-03-30 17:03:36', 1, 0);
INSERT INTO `sys_user` VALUES (264, 'YbtYHc6ZZc', '16886610257', 'http://dummyimage.com/100x100', '王震南', '2023-03-19 00:05:11', '2024-01-08 17:17:45', 1, 0);
INSERT INTO `sys_user` VALUES (265, 'JeugLStbqb', '2859969999', 'http://dummyimage.com/100x100', 'Willie Parker', '2023-03-11 01:12:47', '2023-11-09 16:25:27', 1, 1);
INSERT INTO `sys_user` VALUES (266, 'JKHh448qvE', '217331684', 'http://dummyimage.com/100x100', '谭致远', '2023-01-26 16:23:04', '2023-09-01 09:06:17', 1, 0);
INSERT INTO `sys_user` VALUES (267, 'LE4wdzA8jP', '208906322', 'http://dummyimage.com/100x100', '崔秀英', '2023-02-17 19:24:52', '2023-06-06 17:34:41', 1, 0);
INSERT INTO `sys_user` VALUES (268, 'EpihCX4Kyc', '14461840866', 'http://dummyimage.com/100x100', '姜致远', '2023-04-10 08:34:10', '2024-03-29 21:41:55', 1, 1);
INSERT INTO `sys_user` VALUES (269, 'zb3EvOqudn', '75588789392', 'http://dummyimage.com/100x100', '黄杰宏', '2023-04-17 12:50:47', '2024-01-04 12:29:30', 0, 0);
INSERT INTO `sys_user` VALUES (271, '5cdTDE7RGs', '282708905', 'http://dummyimage.com/100x100', 'Ashley Turner', '2023-12-26 13:39:38', '2024-04-08 10:46:48', 0, 0);
INSERT INTO `sys_user` VALUES (272, 'JOECBY9ts5', '17976014263', 'http://dummyimage.com/100x100', '袁云熙', '2024-03-04 12:54:43', '2024-09-15 21:35:31', 1, 0);
INSERT INTO `sys_user` VALUES (274, 'TdyZpirUiZ', '15955865919', 'http://dummyimage.com/100x100', '邓致远', '2024-05-08 06:47:37', '2023-01-12 07:21:08', 1, 0);
INSERT INTO `sys_user` VALUES (275, 'EAywSABN5w', '17308201931', 'http://dummyimage.com/100x100', '任云熙', '2023-02-16 05:03:35', '2024-07-09 10:58:51', 0, 1);
INSERT INTO `sys_user` VALUES (276, 'txYfsg6Wkx', '7558776035', 'http://dummyimage.com/100x100', 'Dorothy Kim', '2023-02-06 07:11:38', '2024-09-21 09:51:55', 0, 1);
INSERT INTO `sys_user` VALUES (277, 'VMYLebrHcn', '14828648724', 'http://dummyimage.com/100x100', 'Gregory Owens', '2024-05-17 16:38:27', '2024-07-27 08:52:18', 0, 1);
INSERT INTO `sys_user` VALUES (278, 'YbZhyQiohI', '7555523006', 'http://dummyimage.com/100x100', 'Doris Myers', '2023-06-30 01:09:42', '2023-11-10 08:27:40', 0, 1);
INSERT INTO `sys_user` VALUES (279, 'oJqSqmjw8I', '75543480862', 'http://dummyimage.com/100x100', '冯詩涵', '2024-07-23 07:05:19', '2024-06-07 23:07:37', 1, 0);
INSERT INTO `sys_user` VALUES (280, '4f65stxGHQ', '206133253', 'http://dummyimage.com/100x100', '冯子异', '2024-05-09 00:57:58', '2023-11-03 15:22:01', 1, 1);
INSERT INTO `sys_user` VALUES (281, 'g10OAFbpJB', '2824901980', 'http://dummyimage.com/100x100', 'Ray White', '2023-11-27 08:48:59', '2023-06-28 14:12:26', 1, 0);
INSERT INTO `sys_user` VALUES (282, 'ARPM8ijMQd', '7555824458', 'http://dummyimage.com/100x100', 'Carol Roberts', '2024-04-03 06:31:01', '2023-08-06 04:52:25', 1, 0);
INSERT INTO `sys_user` VALUES (283, 'ZnerajneVx', '208128119', 'http://dummyimage.com/100x100', '郝子异', '2023-12-04 06:45:01', '2023-05-14 06:55:09', 1, 1);
INSERT INTO `sys_user` VALUES (284, 'w0Xhz32H6V', '7603705633', 'http://dummyimage.com/100x100', 'Curtis Aguilar', '2024-09-09 05:46:23', '2023-12-13 08:11:19', 0, 0);
INSERT INTO `sys_user` VALUES (285, 'Uv9HtB4VW1', '7694760911', 'http://dummyimage.com/100x100', '梁震南', '2024-07-15 02:12:13', '2023-07-02 09:53:53', 0, 1);
INSERT INTO `sys_user` VALUES (286, '7UJNQtphT7', '17615813777', 'http://dummyimage.com/100x100', '曾璐', '2023-03-20 13:09:22', '2023-08-24 23:01:20', 0, 1);
INSERT INTO `sys_user` VALUES (287, 'qBPQn9qQwK', '2110891534', 'http://dummyimage.com/100x100', 'Joe Wilson', '2023-08-04 08:56:04', '2024-01-26 00:01:18', 0, 1);
INSERT INTO `sys_user` VALUES (288, 'O26i3c3IzT', '219771495', 'http://dummyimage.com/100x100', '阎岚', '2023-05-28 08:45:25', '2024-05-13 20:51:56', 0, 1);
INSERT INTO `sys_user` VALUES (289, 'GcV4lnOxlF', '16816914762', 'http://dummyimage.com/100x100', '李璐', '2024-09-01 20:40:02', '2024-10-02 22:00:00', 1, 0);
INSERT INTO `sys_user` VALUES (290, '6SqekRwARP', '16959252783', 'http://dummyimage.com/100x100', 'Sherry Garcia', '2024-07-02 02:28:21', '2023-12-29 12:30:12', 1, 0);
INSERT INTO `sys_user` VALUES (291, 'DRI6iCF908', '16168626715', 'http://dummyimage.com/100x100', 'Ellen Myers', '2023-04-23 21:05:04', '2023-02-17 13:19:51', 1, 0);
INSERT INTO `sys_user` VALUES (292, 'OuhPqLhGbN', '13940283984', 'http://dummyimage.com/100x100', '马睿', '2023-03-14 15:48:08', '2023-11-08 09:27:28', 0, 1);
INSERT INTO `sys_user` VALUES (293, 'KEurBTBgWG', '13163903040', 'http://dummyimage.com/100x100', 'Janice Ryan', '2024-04-20 19:27:17', '2024-05-29 09:50:43', 1, 1);
INSERT INTO `sys_user` VALUES (294, 'HOoY8xAJs5', '1001592737', 'http://dummyimage.com/100x100', '傅嘉伦', '2023-12-10 09:43:36', '2024-04-11 21:20:27', 0, 1);
INSERT INTO `sys_user` VALUES (295, 'Q4QQvYa38v', '14851125508', 'http://dummyimage.com/100x100', '陆睿', '2024-02-20 21:32:14', '2024-07-03 04:04:57', 1, 1);
INSERT INTO `sys_user` VALUES (296, 'vHkhgkUOAc', '207901930', 'http://dummyimage.com/100x100', 'Anita Grant', '2024-03-31 12:06:37', '2024-05-01 16:45:28', 1, 0);
INSERT INTO `sys_user` VALUES (297, '4gf0oMjbyr', '2857809964', 'http://dummyimage.com/100x100', '唐晓明', '2023-02-12 03:01:23', '2023-06-10 13:20:19', 0, 1);
INSERT INTO `sys_user` VALUES (298, 'UqUXgSghaw', '18889664635', 'http://dummyimage.com/100x100', '龚安琪', '2023-08-05 19:49:05', '2024-02-05 02:37:18', 1, 1);
INSERT INTO `sys_user` VALUES (299, '9GDxETIduD', '13480923194', 'http://dummyimage.com/100x100', '何詩涵', '2024-06-29 19:03:48', '2023-12-20 02:42:20', 0, 1);
INSERT INTO `sys_user` VALUES (300, 'nPhYrNzK8H', '14776576705', 'http://dummyimage.com/100x100', 'Carolyn Miller', '2024-03-29 03:56:45', '2024-01-25 07:32:08', 0, 0);
INSERT INTO `sys_user` VALUES (301, 'On2Aa6iWiP', '17081818776', 'http://dummyimage.com/100x100', 'Lee Dunn', '2023-05-21 19:12:34', '2023-10-20 19:12:58', 0, 0);
INSERT INTO `sys_user` VALUES (302, 'o7Z7Cnyl15', '13373387927', 'http://dummyimage.com/100x100', 'Richard Stewart', '2023-11-01 15:11:32', '2024-08-11 21:37:10', 1, 0);
INSERT INTO `sys_user` VALUES (303, 'ksHjJvhgbL', '14526270745', 'http://dummyimage.com/100x100', 'Jose Murray', '2024-02-21 05:28:35', '2023-03-07 10:52:12', 1, 1);
INSERT INTO `sys_user` VALUES (304, 'AOUKDuttV5', '16597274319', 'http://dummyimage.com/100x100', 'Paul Harrison', '2024-07-10 17:48:48', '2024-06-11 01:58:44', 0, 1);
INSERT INTO `sys_user` VALUES (305, 'Mv1iINqtbw', '15100908656', 'http://dummyimage.com/100x100', '石璐', '2023-06-16 11:32:48', '2024-08-10 18:48:27', 1, 0);
INSERT INTO `sys_user` VALUES (306, 'ISzr2f3PfL', '18065725755', 'http://dummyimage.com/100x100', '赵睿', '2024-01-11 10:26:08', '2023-06-29 01:59:44', 0, 1);
INSERT INTO `sys_user` VALUES (307, 'OxZTEuRAnw', '2189618644', 'http://dummyimage.com/100x100', 'Linda Webb', '2024-06-30 09:34:08', '2024-06-21 22:16:16', 0, 0);
INSERT INTO `sys_user` VALUES (308, 'p6BrLm3m1Y', '75552289132', 'http://dummyimage.com/100x100', '方嘉伦', '2024-01-14 01:04:06', '2023-01-15 15:24:14', 1, 0);
INSERT INTO `sys_user` VALUES (310, 'eokWREU7HU', '75550634423', 'http://dummyimage.com/100x100', '曹杰宏', '2023-10-03 12:52:27', '2024-02-05 18:35:42', 0, 0);
INSERT INTO `sys_user` VALUES (311, 'Tqh3CGrVc7', '1099013227', 'http://dummyimage.com/100x100', 'Patricia King', '2023-01-30 09:16:32', '2024-06-12 11:28:58', 0, 1);
INSERT INTO `sys_user` VALUES (312, '5gncTHTbvK', '2875795141', 'http://dummyimage.com/100x100', '胡詩涵', '2024-05-13 18:44:46', '2023-06-27 05:22:14', 0, 1);
INSERT INTO `sys_user` VALUES (313, '3rH9BQJno5', '218545723', 'http://dummyimage.com/100x100', 'Emily Guzman', '2023-01-05 04:24:15', '2023-12-30 11:42:23', 1, 1);
INSERT INTO `sys_user` VALUES (314, 'tWtaQiHUG6', '18362980221', 'http://dummyimage.com/100x100', 'Randall Price', '2024-04-30 03:52:57', '2023-02-04 01:06:41', 0, 1);
INSERT INTO `sys_user` VALUES (315, 'qiKY4pL6S9', '7550731853', 'http://dummyimage.com/100x100', '于睿', '2023-09-23 21:53:36', '2023-04-07 23:58:43', 0, 0);
INSERT INTO `sys_user` VALUES (316, 'tiV1A3PVwQ', '200814030', 'http://dummyimage.com/100x100', 'Jeremy Hicks', '2023-10-05 06:13:05', '2023-08-22 08:36:20', 1, 0);
INSERT INTO `sys_user` VALUES (317, 'yEVjXIQN5d', '2089947774', 'http://dummyimage.com/100x100', 'Amy Hamilton', '2024-07-03 22:19:18', '2024-06-14 02:17:17', 0, 1);
INSERT INTO `sys_user` VALUES (318, 'hMysfbKv2G', '18295443697', 'http://dummyimage.com/100x100', '杜安琪', '2024-02-06 21:22:43', '2023-04-16 08:59:13', 1, 0);
INSERT INTO `sys_user` VALUES (319, 'D1NZV7pA5N', '7609531932', 'http://dummyimage.com/100x100', '吕安琪', '2024-03-21 00:03:06', '2024-01-25 01:06:55', 0, 0);
INSERT INTO `sys_user` VALUES (320, 'ZAWLju04vO', '103798701', 'http://dummyimage.com/100x100', '陆云熙', '2023-04-22 21:59:54', '2024-06-18 04:04:22', 1, 0);
INSERT INTO `sys_user` VALUES (321, 'pWcBoCABFz', '281093038', 'http://dummyimage.com/100x100', '汤宇宁', '2023-06-19 18:35:41', '2023-01-13 12:27:57', 0, 0);
INSERT INTO `sys_user` VALUES (322, 'EiRo8Hj9Fy', '1064037797', 'http://dummyimage.com/100x100', '夏子韬', '2024-01-23 20:16:09', '2023-01-06 16:35:42', 1, 1);
INSERT INTO `sys_user` VALUES (323, '41QAkv8A9X', '76994938912', 'http://dummyimage.com/100x100', 'Linda Dixon', '2023-12-10 09:42:48', '2023-12-29 06:55:57', 0, 1);
INSERT INTO `sys_user` VALUES (324, 'Dwrelr89hx', '15710175586', 'http://dummyimage.com/100x100', 'Glenn Barnes', '2023-11-19 11:39:17', '2023-12-12 10:04:35', 1, 0);
INSERT INTO `sys_user` VALUES (325, 'wNm4S5EqkE', '14045455318', 'http://dummyimage.com/100x100', 'Jane Gonzalez', '2024-04-07 07:12:15', '2024-01-28 22:12:32', 0, 1);
INSERT INTO `sys_user` VALUES (326, 'N3UWHDlEMJ', '15025628737', 'http://dummyimage.com/100x100', 'Victoria Freeman', '2024-06-17 10:15:55', '2023-11-25 15:39:12', 0, 0);
INSERT INTO `sys_user` VALUES (327, 'GRBVCwdRsF', '16202993170', 'http://dummyimage.com/100x100', '袁睿', '2024-10-13 17:59:10', '2023-07-10 05:19:18', 1, 1);
INSERT INTO `sys_user` VALUES (328, 'TlFDzkEc2l', '76906724214', 'http://dummyimage.com/100x100', 'Judith Tran', '2024-01-19 19:58:43', '2023-04-02 05:24:23', 0, 0);
INSERT INTO `sys_user` VALUES (329, 'BrWX3Ju45W', '17480337614', 'http://dummyimage.com/100x100', '黄杰宏', '2023-06-07 12:22:38', '2024-02-21 08:33:58', 0, 1);
INSERT INTO `sys_user` VALUES (330, 'a7dVrc3T8s', '208414864', 'http://dummyimage.com/100x100', 'Bruce Clark', '2023-03-23 10:46:03', '2024-03-04 00:13:11', 0, 1);
INSERT INTO `sys_user` VALUES (331, 'QlN6dtuV5G', '76959493516', 'http://dummyimage.com/100x100', 'Bonnie Simmons', '2023-02-21 10:49:47', '2023-01-22 13:57:52', 1, 1);
INSERT INTO `sys_user` VALUES (332, 'gi1UpazIGh', '18078944597', 'http://dummyimage.com/100x100', '夏子异', '2023-08-16 04:00:24', '2023-05-17 21:10:19', 1, 0);
INSERT INTO `sys_user` VALUES (333, 'vW0bhmqaDh', '15267857833', 'http://dummyimage.com/100x100', '周子异', '2024-01-24 01:48:25', '2024-08-12 23:06:25', 1, 1);
INSERT INTO `sys_user` VALUES (334, 'egnkWHBzTJ', '13785216679', 'http://dummyimage.com/100x100', '林云熙', '2024-06-08 17:42:27', '2024-03-21 06:33:10', 0, 0);
INSERT INTO `sys_user` VALUES (335, 'XXL8YT2yhI', '2816223108', 'http://dummyimage.com/100x100', '杜云熙', '2024-06-28 04:47:11', '2024-03-31 08:15:54', 1, 1);
INSERT INTO `sys_user` VALUES (336, '28go0sQvw7', '16119626428', 'http://dummyimage.com/100x100', '史杰宏', '2023-11-24 02:03:56', '2023-12-21 16:37:21', 0, 1);
INSERT INTO `sys_user` VALUES (337, 'EiQ0fYZiQ9', '17794392914', 'http://dummyimage.com/100x100', 'Ruth Hawkins', '2024-04-30 20:11:46', '2023-06-27 08:55:33', 1, 1);
INSERT INTO `sys_user` VALUES (338, 'AEPdkh7ZhK', '13527151158', 'http://dummyimage.com/100x100', 'Alan Flores', '2023-01-05 17:32:48', '2023-07-18 10:44:38', 0, 1);
INSERT INTO `sys_user` VALUES (339, '6DjnVoDB6r', '7609741351', 'http://dummyimage.com/100x100', 'Ronald Jimenez', '2023-01-04 11:20:34', '2023-07-05 13:41:25', 0, 1);
INSERT INTO `sys_user` VALUES (340, '3lRd53Prfz', '2117424088', 'http://dummyimage.com/100x100', '金安琪', '2024-01-15 06:25:27', '2023-01-28 00:21:22', 1, 1);
INSERT INTO `sys_user` VALUES (341, 'hIiA5iCyiX', '2837022870', 'http://dummyimage.com/100x100', 'Jean Robertson', '2023-04-06 11:43:09', '2024-07-27 02:17:32', 1, 0);
INSERT INTO `sys_user` VALUES (342, 'MARQibuiPG', '2181704406', 'http://dummyimage.com/100x100', 'Jeffery Munoz', '2024-08-30 05:59:50', '2024-04-11 16:49:00', 0, 0);
INSERT INTO `sys_user` VALUES (343, 'Vw7IHVfcLZ', '7609558947', 'http://dummyimage.com/100x100', 'Steven Hill', '2024-03-14 22:05:48', '2024-05-24 11:02:54', 1, 0);
INSERT INTO `sys_user` VALUES (344, 'iZuQIsOZZ3', '15657155183', 'http://dummyimage.com/100x100', 'Bernard Boyd', '2023-09-29 08:09:51', '2023-11-04 04:33:29', 0, 1);
INSERT INTO `sys_user` VALUES (345, '4tKKi9rU5s', '104350139', 'http://dummyimage.com/100x100', '夏睿', '2023-10-10 12:10:15', '2023-02-03 23:44:57', 0, 0);
INSERT INTO `sys_user` VALUES (346, 'AMxIJGzoX0', '15740017205', 'http://dummyimage.com/100x100', 'Donald Morgan', '2023-03-28 07:03:14', '2024-08-30 08:28:05', 0, 1);
INSERT INTO `sys_user` VALUES (347, 'TLIU1MJl61', '107835078', 'http://dummyimage.com/100x100', 'Roy Diaz', '2023-07-25 01:13:59', '2024-05-28 20:37:04', 1, 0);
INSERT INTO `sys_user` VALUES (348, 'D6YvI3cQh3', '15022658681', 'http://dummyimage.com/100x100', 'Julia Rice', '2024-09-16 11:32:58', '2023-01-21 01:05:24', 1, 1);
INSERT INTO `sys_user` VALUES (349, 'iEOzXUBYKV', '76006625829', 'http://dummyimage.com/100x100', '吴致远', '2024-05-28 13:27:09', '2023-09-08 06:06:26', 0, 0);
INSERT INTO `sys_user` VALUES (350, 'sVrD0Vgqnx', '17375819993', 'http://dummyimage.com/100x100', 'Sherry Parker', '2023-06-21 00:11:56', '2024-05-01 09:16:29', 1, 1);
INSERT INTO `sys_user` VALUES (351, 'tiQR2NEw40', '18589744740', 'http://dummyimage.com/100x100', '范子异', '2023-08-05 21:15:50', '2024-10-06 06:05:31', 1, 0);
INSERT INTO `sys_user` VALUES (352, 'gmA9wpHx4g', '13912421392', 'http://dummyimage.com/100x100', 'Alice Baker', '2024-04-19 19:00:56', '2023-06-05 16:10:20', 0, 1);
INSERT INTO `sys_user` VALUES (353, 'yaJBNLSbBe', '76035337553', 'http://dummyimage.com/100x100', '谢宇宁', '2023-09-23 02:44:48', '2024-02-24 15:09:31', 1, 0);
INSERT INTO `sys_user` VALUES (354, '9e4OHQblXH', '14350844780', 'http://dummyimage.com/100x100', '杜晓明', '2024-03-02 15:10:24', '2023-05-22 03:00:04', 1, 1);
INSERT INTO `sys_user` VALUES (355, 'veksRGpyGe', '18796758415', 'http://dummyimage.com/100x100', 'Jason Murray', '2024-08-15 11:25:22', '2023-06-08 09:08:27', 1, 1);
INSERT INTO `sys_user` VALUES (356, 'WY2MC153FK', '17396204978', 'http://dummyimage.com/100x100', '林岚', '2024-02-01 20:06:02', '2024-02-18 07:44:04', 1, 0);
INSERT INTO `sys_user` VALUES (357, '1NEz9qbdVL', '18723321479', 'http://dummyimage.com/100x100', '许致远', '2024-10-20 06:33:46', '2023-12-10 05:45:43', 0, 1);
INSERT INTO `sys_user` VALUES (358, '8KojdLj7Ty', '287424838', 'http://dummyimage.com/100x100', 'Scott Ryan', '2023-05-29 17:41:12', '2023-10-06 17:01:13', 1, 0);
INSERT INTO `sys_user` VALUES (359, '0XNscorLaO', '76064248213', 'http://dummyimage.com/100x100', '黄璐', '2023-04-02 22:19:02', '2024-01-08 21:37:35', 1, 0);
INSERT INTO `sys_user` VALUES (360, 'uheh0bmWqk', '15513080255', 'http://dummyimage.com/100x100', 'Doris Holmes', '2023-12-31 04:06:45', '2024-07-01 03:43:45', 0, 1);
INSERT INTO `sys_user` VALUES (361, 'hW1cS1iOJS', '15953337353', 'http://dummyimage.com/100x100', 'Melissa Silva', '2024-05-24 01:29:10', '2023-01-23 11:44:39', 0, 1);
INSERT INTO `sys_user` VALUES (362, '354gVtFY9I', '16964187346', 'http://dummyimage.com/100x100', '傅詩涵', '2024-05-27 07:40:49', '2024-01-16 11:30:01', 1, 1);
INSERT INTO `sys_user` VALUES (363, 'jJrzynnOsw', '76037479503', 'http://dummyimage.com/100x100', '戴晓明', '2024-08-05 09:55:23', '2024-04-04 07:38:48', 0, 0);
INSERT INTO `sys_user` VALUES (364, 'DAJw5Plsuv', '75520485433', 'http://dummyimage.com/100x100', '范詩涵', '2023-05-04 17:17:51', '2024-10-09 16:43:40', 1, 0);
INSERT INTO `sys_user` VALUES (365, 'tQfQ16Lsgt', '16814589707', 'http://dummyimage.com/100x100', '向詩涵', '2024-01-03 10:29:56', '2023-12-10 04:58:34', 0, 1);
INSERT INTO `sys_user` VALUES (366, 'dAYlrpPl7O', '19073680330', 'http://dummyimage.com/100x100', '邵云熙', '2024-10-05 03:40:09', '2023-06-25 18:51:45', 1, 1);
INSERT INTO `sys_user` VALUES (367, 'GxCSOZfdq2', '19915828479', 'http://dummyimage.com/100x100', 'Virginia Green', '2023-10-22 14:58:07', '2023-04-13 05:30:34', 1, 0);
INSERT INTO `sys_user` VALUES (368, 'u6d8X7khrJ', '7695565311', 'http://dummyimage.com/100x100', '程詩涵', '2024-03-11 03:00:50', '2023-05-05 14:54:54', 0, 1);
INSERT INTO `sys_user` VALUES (369, 'FqzF9AqOcm', '7694234093', 'http://dummyimage.com/100x100', 'Andrea Kim', '2023-11-24 04:18:30', '2023-07-02 10:12:14', 0, 1);
INSERT INTO `sys_user` VALUES (370, 'O2xvdHxed8', '17325481754', 'http://dummyimage.com/100x100', '罗杰宏', '2024-08-05 18:58:00', '2023-01-24 06:54:23', 1, 1);
INSERT INTO `sys_user` VALUES (371, '1cY5oFpJf7', '76068038246', 'http://dummyimage.com/100x100', '戴詩涵', '2024-04-17 03:26:42', '2023-11-29 05:49:52', 1, 1);
INSERT INTO `sys_user` VALUES (372, 'FRnirCCtgg', '17445173188', 'http://dummyimage.com/100x100', 'Lori Gardner', '2023-08-01 02:42:13', '2023-10-18 10:07:53', 0, 1);
INSERT INTO `sys_user` VALUES (373, 'IjebM0wgnk', '13031523372', 'http://dummyimage.com/100x100', '阎致远', '2023-03-19 19:45:11', '2024-02-19 22:19:35', 0, 1);
INSERT INTO `sys_user` VALUES (374, 'tDt9X4PGDA', '17905941527', 'http://dummyimage.com/100x100', 'Roy Young', '2024-03-07 12:55:45', '2023-06-17 12:05:13', 0, 1);
INSERT INTO `sys_user` VALUES (375, 'gTN6xvhupP', '18907459120', 'http://dummyimage.com/100x100', '吕宇宁', '2024-04-19 12:48:11', '2023-10-19 07:02:12', 0, 1);
INSERT INTO `sys_user` VALUES (376, '04FGDfoFx1', '16954636297', 'http://dummyimage.com/100x100', 'Eric Reed', '2023-12-27 18:08:53', '2023-05-18 10:01:48', 1, 0);
INSERT INTO `sys_user` VALUES (377, 'RApuCkGqD5', '15292873542', 'http://dummyimage.com/100x100', 'Kevin Silva', '2023-02-09 17:17:09', '2023-05-03 20:49:22', 1, 1);
INSERT INTO `sys_user` VALUES (378, 'OyvYPod8Nb', '13427896607', 'http://dummyimage.com/100x100', '孙秀英', '2024-02-12 23:26:17', '2024-10-10 02:45:20', 1, 1);
INSERT INTO `sys_user` VALUES (379, 'AMDPeEGne4', '18689236772', 'http://dummyimage.com/100x100', 'Virginia Alexander', '2023-10-21 23:04:50', '2024-02-22 19:16:08', 0, 0);
INSERT INTO `sys_user` VALUES (380, '03eSxErCUn', '2801952747', 'http://dummyimage.com/100x100', 'Johnny Porter', '2023-05-06 02:59:14', '2023-08-28 20:45:06', 0, 0);
INSERT INTO `sys_user` VALUES (381, 'POvAqF3MGZ', '19167658756', 'http://dummyimage.com/100x100', 'Howard Black', '2023-01-29 10:58:50', '2023-09-12 00:37:13', 1, 0);
INSERT INTO `sys_user` VALUES (382, 'LsxYKZQBYS', '19828201989', 'http://dummyimage.com/100x100', 'Jesus Hicks', '2024-07-24 07:57:04', '2023-11-17 05:19:50', 1, 0);
INSERT INTO `sys_user` VALUES (383, 'SpPIuod06u', '15021609983', 'http://dummyimage.com/100x100', 'Juan Allen', '2023-03-11 18:38:12', '2023-02-13 12:04:46', 0, 1);
INSERT INTO `sys_user` VALUES (384, 'GDKOE6ykPk', '16256510772', 'http://dummyimage.com/100x100', 'Wayne Freeman', '2024-05-21 03:05:44', '2024-09-16 16:20:30', 0, 0);
INSERT INTO `sys_user` VALUES (385, 'ZRQtBiEVbR', '105390741', 'http://dummyimage.com/100x100', '魏子韬', '2023-07-30 09:59:24', '2023-03-19 02:07:44', 1, 0);
INSERT INTO `sys_user` VALUES (386, 'alJYd79Gk5', '107101263', 'http://dummyimage.com/100x100', '萧秀英', '2024-01-30 10:25:38', '2023-11-18 00:30:06', 1, 0);
INSERT INTO `sys_user` VALUES (387, 'OVlXfv06FU', '286923577', 'http://dummyimage.com/100x100', '秦致远', '2023-11-19 02:08:17', '2023-04-08 19:09:06', 0, 0);
INSERT INTO `sys_user` VALUES (388, 'LXmFXlJb4c', '15163712191', 'http://dummyimage.com/100x100', 'Vincent Griffin', '2024-02-20 10:28:09', '2023-11-12 22:31:00', 1, 0);
INSERT INTO `sys_user` VALUES (389, '54jbGnjfb4', '16808241930', 'http://dummyimage.com/100x100', 'Dale Jenkins', '2024-09-02 12:54:33', '2024-01-03 07:27:54', 1, 0);
INSERT INTO `sys_user` VALUES (390, 'ZHyDvIU8U1', '19684804201', 'http://dummyimage.com/100x100', '常杰宏', '2024-02-20 03:48:58', '2023-08-28 18:37:00', 0, 0);
INSERT INTO `sys_user` VALUES (391, 'UJC5JbBZ56', '215703024', 'http://dummyimage.com/100x100', '叶嘉伦', '2023-06-12 06:58:36', '2023-04-23 11:06:21', 0, 1);
INSERT INTO `sys_user` VALUES (392, 'lp2dHlpkBW', '17640232493', 'http://dummyimage.com/100x100', 'Mario Brown', '2023-06-24 10:06:50', '2024-08-18 20:02:07', 1, 1);
INSERT INTO `sys_user` VALUES (393, 'BZugdzLvgJ', '15333253663', 'http://dummyimage.com/100x100', 'Stanley Castro', '2023-06-09 18:35:37', '2023-12-19 05:32:48', 0, 1);
INSERT INTO `sys_user` VALUES (394, 'h4ORWbjfwo', '15492043654', 'http://dummyimage.com/100x100', 'Virginia Porter', '2023-04-29 19:41:38', '2024-09-05 05:14:33', 0, 0);
INSERT INTO `sys_user` VALUES (395, 'o7ytNNqulq', '76987868522', 'http://dummyimage.com/100x100', 'Brandon Henry', '2024-04-17 18:46:37', '2023-07-02 01:07:57', 1, 1);
INSERT INTO `sys_user` VALUES (396, 'g3lyqFUH2X', '288667489', 'http://dummyimage.com/100x100', '曹嘉伦', '2024-09-27 14:27:20', '2023-07-17 13:46:18', 0, 0);
INSERT INTO `sys_user` VALUES (397, 'Eq7ioZG1xI', '17873174288', 'http://dummyimage.com/100x100', 'Lawrence Patterson', '2024-01-31 16:23:54', '2024-06-02 01:24:38', 1, 1);
INSERT INTO `sys_user` VALUES (398, 'q2s1LZe30M', '2892113589', 'http://dummyimage.com/100x100', 'Phyllis Brown', '2023-08-14 10:36:23', '2024-07-23 16:56:01', 0, 0);
INSERT INTO `sys_user` VALUES (399, 'fy6uSIqGrh', '18849568331', 'http://dummyimage.com/100x100', 'Jesse Wilson', '2023-06-20 01:05:46', '2023-09-29 19:40:42', 0, 0);
INSERT INTO `sys_user` VALUES (400, '7QxtBejb3h', '19194371110', 'http://dummyimage.com/100x100', '陆璐', '2024-05-12 15:52:00', '2023-03-18 03:16:37', 1, 0);
INSERT INTO `sys_user` VALUES (401, 'eIxex2fwFQ', '218112330', 'http://dummyimage.com/100x100', 'Cheryl Flores', '2023-12-01 06:25:35', '2024-05-26 21:36:11', 1, 0);
INSERT INTO `sys_user` VALUES (402, 'MgjnPZYrCR', '16255007020', 'http://dummyimage.com/100x100', 'Joan Jordan', '2024-05-04 17:52:34', '2023-08-19 02:35:21', 1, 0);
INSERT INTO `sys_user` VALUES (403, 'DXqGstk1ny', '76927482771', 'http://dummyimage.com/100x100', '胡岚', '2023-09-24 15:49:29', '2024-01-14 15:37:28', 1, 0);
INSERT INTO `sys_user` VALUES (404, 'dPrd8yAEvT', '16533350250', 'http://dummyimage.com/100x100', '孔震南', '2023-11-17 20:11:35', '2024-07-04 08:07:48', 0, 1);
INSERT INTO `sys_user` VALUES (405, '5vtlsreAvl', '2014208127', 'http://dummyimage.com/100x100', '许致远', '2023-01-27 05:31:11', '2024-02-04 12:16:55', 0, 1);
INSERT INTO `sys_user` VALUES (406, 'gWogXGErLI', '7697660400', 'http://dummyimage.com/100x100', 'John Butler', '2024-01-15 22:39:44', '2024-09-14 09:04:38', 1, 0);
INSERT INTO `sys_user` VALUES (407, 'FT1v5Si0y9', '19796929601', 'http://dummyimage.com/100x100', 'Chris Ramirez', '2023-05-25 06:31:16', '2023-07-09 22:01:46', 1, 1);
INSERT INTO `sys_user` VALUES (408, 'MUz83bsI0L', '13409683979', 'http://dummyimage.com/100x100', '熊嘉伦', '2023-01-27 05:20:41', '2023-04-01 13:14:45', 1, 1);
INSERT INTO `sys_user` VALUES (409, 'YP9Mf6RbjI', '13013781543', 'http://dummyimage.com/100x100', '邓睿', '2023-10-08 01:38:21', '2024-01-06 14:41:43', 1, 1);
INSERT INTO `sys_user` VALUES (410, 'JzhjE9OWKv', '2009371943', 'http://dummyimage.com/100x100', 'Paul Harrison', '2023-05-26 03:51:54', '2024-07-26 00:23:44', 1, 0);
INSERT INTO `sys_user` VALUES (411, 'HTT1zaygEp', '7553607466', 'http://dummyimage.com/100x100', 'Jane Smith', '2024-09-23 02:10:12', '2023-06-14 02:17:37', 1, 1);
INSERT INTO `sys_user` VALUES (413, 'ch9LAULA15', '19968928283', 'http://dummyimage.com/100x100', 'Walter Perry', '2023-12-04 05:09:20', '2024-04-10 20:47:12', 0, 1);
INSERT INTO `sys_user` VALUES (414, '7YT2b3hjRS', '13130876527', 'http://dummyimage.com/100x100', '崔岚', '2024-03-04 14:49:14', '2023-12-16 18:18:51', 1, 1);
INSERT INTO `sys_user` VALUES (415, 'g5HYHL7ml5', '217157848', 'http://dummyimage.com/100x100', 'Anne Sanders', '2024-04-25 12:50:51', '2023-08-12 11:02:23', 1, 1);
INSERT INTO `sys_user` VALUES (416, 'W3h0zl38ph', '7554969897', 'http://dummyimage.com/100x100', '丁璐', '2024-08-15 22:39:41', '2024-02-11 05:28:42', 1, 0);
INSERT INTO `sys_user` VALUES (417, '0F19YQYpXn', '19323931632', 'http://dummyimage.com/100x100', 'Wayne Myers', '2023-11-29 05:08:34', '2023-06-16 13:51:14', 0, 0);
INSERT INTO `sys_user` VALUES (418, 'jr2LFdinKw', '13575636084', 'http://dummyimage.com/100x100', 'Marie Brown', '2024-09-17 16:55:53', '2024-04-27 18:58:53', 1, 0);
INSERT INTO `sys_user` VALUES (419, 'G409bmJkpz', '7696062263', 'http://dummyimage.com/100x100', '田云熙', '2024-02-12 12:43:28', '2024-09-14 22:10:29', 1, 1);
INSERT INTO `sys_user` VALUES (420, 'qeyoLIGBA7', '19437841745', 'http://dummyimage.com/100x100', 'Julie Payne', '2024-04-25 00:58:03', '2024-07-23 22:05:58', 0, 1);
INSERT INTO `sys_user` VALUES (421, 'gJNu7oB5b9', '2003445410', 'http://dummyimage.com/100x100', 'Nicholas Kennedy', '2023-12-29 00:43:18', '2023-09-22 23:31:23', 0, 1);
INSERT INTO `sys_user` VALUES (422, 'b5jMJuQ0pc', '288889591', 'http://dummyimage.com/100x100', '韩秀英', '2024-02-13 11:24:44', '2024-08-21 05:01:36', 1, 0);
INSERT INTO `sys_user` VALUES (423, '1gcrKszQs3', '17633553359', 'http://dummyimage.com/100x100', 'Kelly Jordan', '2023-02-09 16:05:05', '2024-05-07 02:10:54', 1, 1);
INSERT INTO `sys_user` VALUES (424, 'AqLriNk6c0', '1068679347', 'http://dummyimage.com/100x100', 'Lois Mendoza', '2023-02-16 17:23:20', '2023-07-04 08:40:39', 1, 1);
INSERT INTO `sys_user` VALUES (425, 'tXYda87OfY', '1095771998', 'http://dummyimage.com/100x100', 'Angela Murray', '2023-02-09 17:38:37', '2024-03-03 21:26:57', 1, 0);
INSERT INTO `sys_user` VALUES (426, '3CQLqEfinY', '15649512622', 'http://dummyimage.com/100x100', 'Willie Freeman', '2024-01-22 21:37:30', '2023-09-16 11:57:06', 0, 0);
INSERT INTO `sys_user` VALUES (427, 'DzE1S1JOCf', '16813801622', 'http://dummyimage.com/100x100', 'Lucille Miller', '2023-06-11 01:16:31', '2024-02-05 17:02:26', 1, 0);
INSERT INTO `sys_user` VALUES (428, 'zUG7lDgwej', '15416237760', 'http://dummyimage.com/100x100', '袁嘉伦', '2024-06-09 07:12:21', '2024-04-03 02:21:08', 0, 0);
INSERT INTO `sys_user` VALUES (429, 'LmQRbSQnyo', '7696929641', 'http://dummyimage.com/100x100', 'Jose Washington', '2023-05-28 22:35:06', '2024-01-02 05:27:20', 1, 1);
INSERT INTO `sys_user` VALUES (430, 'gFm8L7xMk5', '14693879647', 'http://dummyimage.com/100x100', 'Lisa Spencer', '2024-05-14 03:38:38', '2023-02-12 11:53:34', 1, 1);
INSERT INTO `sys_user` VALUES (431, 'SKJY4sTBgz', '2161556056', 'http://dummyimage.com/100x100', '姚璐', '2023-11-11 10:09:37', '2024-03-08 09:25:20', 0, 1);
INSERT INTO `sys_user` VALUES (432, 'aoKJ5snEm9', '14981574892', 'http://dummyimage.com/100x100', '蔡詩涵', '2023-03-13 04:33:42', '2023-08-07 11:42:49', 0, 1);
INSERT INTO `sys_user` VALUES (433, '8ixdBQkEG8', '15030351148', 'http://dummyimage.com/100x100', 'Theodore Garcia', '2023-05-01 13:47:34', '2023-07-23 03:45:11', 0, 1);
INSERT INTO `sys_user` VALUES (434, 'SkPBSRGva3', '17910233854', 'http://dummyimage.com/100x100', '叶岚', '2024-07-28 23:05:44', '2023-02-08 08:46:25', 0, 0);
INSERT INTO `sys_user` VALUES (435, 'yXSFNffU7H', '283670642', 'http://dummyimage.com/100x100', 'Lois Tucker', '2023-02-24 17:17:04', '2023-06-06 02:21:02', 0, 1);
INSERT INTO `sys_user` VALUES (436, 'J5BGYCrFHO', '19570433550', 'http://dummyimage.com/100x100', 'Leslie Ramirez', '2023-05-08 21:46:39', '2024-08-21 18:34:45', 0, 1);
INSERT INTO `sys_user` VALUES (437, 'UroBAL8XdA', '18615467024', 'http://dummyimage.com/100x100', 'Brian Ramirez', '2024-04-30 14:33:43', '2023-10-26 17:08:47', 0, 0);
INSERT INTO `sys_user` VALUES (438, 'CQu9zB0GAD', '76064452566', 'http://dummyimage.com/100x100', 'Andrea Stewart', '2023-03-20 05:18:57', '2024-10-08 06:19:02', 1, 0);
INSERT INTO `sys_user` VALUES (439, 'qIKpBptgXF', '2097715757', 'http://dummyimage.com/100x100', 'Todd Allen', '2024-10-01 20:23:09', '2024-01-02 03:10:13', 0, 0);
INSERT INTO `sys_user` VALUES (440, 'ECXTkEHREO', '2162447921', 'http://dummyimage.com/100x100', '钱晓明', '2023-03-13 07:27:52', '2024-08-23 08:36:40', 0, 0);
INSERT INTO `sys_user` VALUES (441, 'uBAmvEIOoD', '18085295555', 'http://dummyimage.com/100x100', '毛晓明', '2024-09-12 03:54:49', '2025-01-04 22:30:57', 0, 0);
INSERT INTO `sys_user` VALUES (442, '1Nu8GYM05T', '18958324935', 'http://dummyimage.com/100x100', 'Andrea Phillips', '2023-01-13 17:14:49', '2023-01-22 15:51:18', 0, 0);
INSERT INTO `sys_user` VALUES (443, 'kbL23pnVtW', '17324520111', 'http://dummyimage.com/100x100', 'Bonnie Stephens', '2023-01-04 11:12:17', '2024-05-10 15:03:04', 0, 0);
INSERT INTO `sys_user` VALUES (444, 'Mpt5m07C41', '18691168426', 'http://dummyimage.com/100x100', 'Amy Allen', '2023-12-11 09:55:49', '2023-01-18 17:01:52', 1, 1);
INSERT INTO `sys_user` VALUES (445, 'N0Aws94PRs', '203284959', 'http://dummyimage.com/100x100', 'Bobby Walker', '2024-03-08 05:35:56', '2023-05-28 22:16:38', 1, 0);
INSERT INTO `sys_user` VALUES (446, 'vUyT653gGq', '17041793490', 'http://dummyimage.com/100x100', 'Juanita Dunn', '2023-10-08 13:37:21', '2023-01-28 13:44:20', 0, 1);
INSERT INTO `sys_user` VALUES (447, 'bUcYBiu3a8', '2889396886', 'http://dummyimage.com/100x100', 'Norma Wagner', '2024-07-05 14:57:09', '2023-02-06 03:10:06', 0, 0);
INSERT INTO `sys_user` VALUES (448, '1S8XDFSEvP', '15100612777', 'http://dummyimage.com/100x100', 'Ryan Sanders', '2023-03-02 02:39:56', '2024-04-11 03:12:28', 1, 1);
INSERT INTO `sys_user` VALUES (449, 'VwO0wP2TAU', '108299001', 'http://dummyimage.com/100x100', '田晓明', '2024-07-16 16:55:04', '2024-10-07 19:45:44', 0, 1);
INSERT INTO `sys_user` VALUES (450, '1XVD82auSe', '17309104889', 'http://dummyimage.com/100x100', 'Helen Hawkins', '2023-01-23 16:33:58', '2024-07-30 00:18:15', 0, 0);
INSERT INTO `sys_user` VALUES (451, 'fASnINfbC9', '212248897', 'http://dummyimage.com/100x100', '谭岚', '2024-09-30 01:44:26', '2024-09-19 08:18:47', 0, 1);
INSERT INTO `sys_user` VALUES (452, 'fbS5uUG5Dk', '285359823', 'http://dummyimage.com/100x100', 'Jacqueline Hughes', '2024-04-03 17:37:17', '2023-04-03 23:08:16', 0, 1);
INSERT INTO `sys_user` VALUES (453, 'nZ79Lm50Wl', '19158239053', 'http://dummyimage.com/100x100', 'Miguel Bell', '2023-01-16 22:53:20', '2023-08-10 14:47:35', 1, 0);
INSERT INTO `sys_user` VALUES (454, 'sr1I6AdbId', '18085295643', 'http://dummyimage.com/100x100', 'Joseph Olson', '2024-05-12 22:45:40', '2024-10-31 13:22:54', 1, 1);
INSERT INTO `sys_user` VALUES (455, 'vYtkEYbHoJ', '210191969', 'http://dummyimage.com/100x100', 'Billy West', '2024-08-31 19:55:46', '2023-12-10 21:07:41', 0, 1);
INSERT INTO `sys_user` VALUES (456, 'f2dJlIUiis', '7556273112', 'http://dummyimage.com/100x100', 'Raymond Hughes', '2024-03-12 09:37:23', '2023-10-05 09:06:28', 1, 1);
INSERT INTO `sys_user` VALUES (457, 'KzDGyyLOx3', '2004217435', 'http://dummyimage.com/100x100', '武嘉伦', '2023-08-05 03:36:22', '2024-03-16 02:30:29', 0, 1);
INSERT INTO `sys_user` VALUES (458, '3xHUOVApZs', '2034362478', 'http://dummyimage.com/100x100', '冯杰宏', '2024-10-12 12:13:48', '2023-11-02 19:56:26', 0, 1);
INSERT INTO `sys_user` VALUES (459, 'lte5sN5WMu', '75505920412', 'http://dummyimage.com/100x100', 'Nicholas Cruz', '2023-11-19 16:23:34', '2023-12-10 12:55:02', 0, 0);
INSERT INTO `sys_user` VALUES (460, 'yrbbpC2cHj', '7695726799', 'http://dummyimage.com/100x100', 'Evelyn Anderson', '2023-03-28 23:48:22', '2024-05-15 01:14:33', 0, 0);
INSERT INTO `sys_user` VALUES (461, 'n1jP0NjFeA', '2179471049', 'http://dummyimage.com/100x100', 'Joel Collins', '2023-01-28 02:50:35', '2023-09-01 02:01:31', 1, 0);
INSERT INTO `sys_user` VALUES (462, '6gTT8NRLcW', '1048243428', 'http://dummyimage.com/100x100', 'Jean Henderson', '2023-11-03 05:02:26', '2024-06-17 17:57:40', 0, 0);
INSERT INTO `sys_user` VALUES (463, 'vZVCGzG8DI', '2842768530', 'http://dummyimage.com/100x100', 'Jerry Owens', '2023-05-27 22:30:08', '2023-06-25 02:07:13', 1, 0);
INSERT INTO `sys_user` VALUES (464, 'cdnOB5qMjI', '15479284997', 'http://dummyimage.com/100x100', 'Donald Moore', '2024-05-09 18:08:26', '2023-12-02 12:17:31', 1, 1);
INSERT INTO `sys_user` VALUES (465, 'HDl8acmRgq', '76032996826', 'http://dummyimage.com/100x100', '胡岚', '2023-12-14 05:14:52', '2024-05-06 02:14:47', 1, 0);
INSERT INTO `sys_user` VALUES (466, 'H8rfV0OPnd', '14792938959', 'http://dummyimage.com/100x100', '宋云熙', '2023-10-14 13:48:29', '2024-06-21 19:58:37', 0, 1);
INSERT INTO `sys_user` VALUES (467, 'V05tG9vk8I', '17564770654', 'http://dummyimage.com/100x100', 'Robin Ryan', '2023-09-22 08:08:04', '2023-08-31 04:37:41', 1, 1);
INSERT INTO `sys_user` VALUES (468, 'rPgjPF0lBL', '15237341013', 'http://dummyimage.com/100x100', '黄嘉伦', '2023-06-23 01:48:03', '2024-09-01 12:26:36', 0, 0);
INSERT INTO `sys_user` VALUES (469, 'Vw5w8PQzKc', '2108706267', 'http://dummyimage.com/100x100', 'Maria Rivera', '2023-01-26 06:22:01', '2024-05-14 06:22:11', 1, 1);
INSERT INTO `sys_user` VALUES (470, 'B4auBwnP5q', '284898354', 'http://dummyimage.com/100x100', 'Harry Bennett', '2024-04-12 19:58:53', '2023-08-12 03:54:47', 0, 0);
INSERT INTO `sys_user` VALUES (471, '0esSd5o7sR', '2068257460', 'http://dummyimage.com/100x100', '谭致远', '2024-01-26 10:25:36', '2024-07-22 10:34:49', 1, 0);
INSERT INTO `sys_user` VALUES (472, 'SxeKDq0sHF', '2010076979', 'http://dummyimage.com/100x100', 'Joyce Watson', '2024-09-08 18:35:19', '2023-02-22 07:42:47', 0, 0);
INSERT INTO `sys_user` VALUES (473, 'XAF3AdZUtY', '75545661941', 'http://dummyimage.com/100x100', '韩岚', '2024-10-20 10:51:17', '2024-02-03 23:18:14', 0, 1);
INSERT INTO `sys_user` VALUES (474, 'SRkwG5Ckti', '13993560666', 'http://dummyimage.com/100x100', '江岚', '2023-03-25 01:57:03', '2024-06-01 23:28:32', 0, 1);
INSERT INTO `sys_user` VALUES (475, 'iQRzK0RxRb', '19304932229', 'http://dummyimage.com/100x100', 'Denise Fisher', '2023-05-10 10:14:13', '2024-02-12 23:58:03', 0, 1);
INSERT INTO `sys_user` VALUES (476, 'zCkiFYABlQ', '2852831069', 'http://dummyimage.com/100x100', '罗嘉伦', '2023-12-28 19:03:37', '2024-04-19 17:11:01', 0, 1);
INSERT INTO `sys_user` VALUES (477, 'sLsQcczZuD', '14665236422', 'http://dummyimage.com/100x100', '叶杰宏', '2024-03-15 20:10:07', '2024-06-29 15:37:26', 0, 0);
INSERT INTO `sys_user` VALUES (478, 'MymeDgXjz9', '75511598897', 'http://dummyimage.com/100x100', 'Marvin Castro', '2024-08-16 08:13:45', '2023-10-08 09:15:17', 1, 0);
INSERT INTO `sys_user` VALUES (479, 'mcWWfHx8t9', '1027885887', 'http://dummyimage.com/100x100', 'Norman Webb', '2023-03-07 12:23:20', '2023-01-04 19:05:04', 0, 1);
INSERT INTO `sys_user` VALUES (480, '5tsu7wvgdF', '15377245952', 'http://dummyimage.com/100x100', 'Victor Kennedy', '2023-07-20 18:34:22', '2024-04-19 08:43:48', 1, 1);
INSERT INTO `sys_user` VALUES (481, '7GZ6qK66bt', '19783423887', 'http://dummyimage.com/100x100', '严璐', '2023-03-31 02:16:32', '2023-11-13 06:46:10', 0, 0);
INSERT INTO `sys_user` VALUES (482, '5uPE8rGQgc', '100811730', 'http://dummyimage.com/100x100', '严岚', '2023-08-13 06:57:09', '2023-01-06 01:07:03', 1, 1);
INSERT INTO `sys_user` VALUES (483, '0iWNHxPyCd', '7699449112', 'http://dummyimage.com/100x100', 'Randall Stephens', '2023-10-05 02:44:12', '2024-03-30 12:57:36', 1, 1);
INSERT INTO `sys_user` VALUES (484, '8f6delAWZK', '18897736610', 'http://dummyimage.com/100x100', 'Dorothy Ross', '2023-10-28 23:22:10', '2023-06-18 09:31:57', 0, 0);
INSERT INTO `sys_user` VALUES (485, 'sYk9ggycPE', '76042464365', 'http://dummyimage.com/100x100', 'Valerie Ellis', '2024-05-01 11:01:19', '2023-02-11 16:14:11', 1, 0);
INSERT INTO `sys_user` VALUES (486, 'zUGUeNL0vF', '17875624047', 'http://dummyimage.com/100x100', '陶杰宏', '2023-05-25 08:04:54', '2023-03-26 12:03:16', 1, 1);
INSERT INTO `sys_user` VALUES (487, 'Z9umaWZc7h', '2168173245', 'http://dummyimage.com/100x100', 'Daniel Mills', '2023-03-19 02:34:24', '2023-01-22 17:22:13', 0, 1);
INSERT INTO `sys_user` VALUES (488, 'OUva3JkW4u', '76099293305', 'http://dummyimage.com/100x100', '潘安琪', '2023-04-29 05:14:34', '2023-12-03 14:30:24', 1, 0);
INSERT INTO `sys_user` VALUES (489, '5zoengEenl', '19645648861', 'http://dummyimage.com/100x100', 'Kim White', '2023-10-09 15:49:57', '2023-09-26 10:50:06', 0, 1);
INSERT INTO `sys_user` VALUES (490, '05nrUSVeSW', '76921348155', 'http://dummyimage.com/100x100', 'Billy Kim', '2024-08-20 01:21:36', '2023-01-25 11:30:44', 0, 1);
INSERT INTO `sys_user` VALUES (491, 'ZtJzsClZzV', '2178871699', 'http://dummyimage.com/100x100', 'Catherine Patel', '2023-03-13 05:56:18', '2024-05-11 12:36:21', 0, 0);
INSERT INTO `sys_user` VALUES (492, 'KIlvnSNsJY', '16670888536', 'http://dummyimage.com/100x100', 'James Tucker', '2023-12-02 20:34:37', '2024-06-29 03:13:40', 0, 0);
INSERT INTO `sys_user` VALUES (493, '1HyvfmDWcb', '17914364967', 'http://dummyimage.com/100x100', 'Charles Kelley', '2023-11-21 23:14:19', '2024-05-17 14:43:02', 0, 1);
INSERT INTO `sys_user` VALUES (494, '6Hp2hjsIt5', '1077253135', 'http://dummyimage.com/100x100', '萧杰宏', '2023-11-19 15:28:37', '2023-05-02 13:27:02', 0, 1);
INSERT INTO `sys_user` VALUES (495, 'EI8JLurKjb', '216065210', 'http://dummyimage.com/100x100', '唐晓明', '2023-03-12 03:40:19', '2023-06-25 06:46:40', 0, 1);
INSERT INTO `sys_user` VALUES (496, 'YeWqmSdXcV', '1062460388', 'http://dummyimage.com/100x100', '苏岚', '2023-09-25 09:26:51', '2023-03-11 20:42:23', 0, 0);
INSERT INTO `sys_user` VALUES (497, 'fltgITPb48', '17035686590', 'http://dummyimage.com/100x100', 'Carrie Stone', '2023-08-10 06:17:40', '2024-06-18 15:53:54', 1, 1);
INSERT INTO `sys_user` VALUES (498, 'IWza910sUc', '19295430942', 'http://dummyimage.com/100x100', '秦睿', '2024-09-26 15:53:22', '2024-09-21 19:52:36', 1, 1);
INSERT INTO `sys_user` VALUES (499, 'JAiYBRFrqH', '13719472926', 'http://dummyimage.com/100x100', 'Louis Patterson', '2024-05-19 13:11:50', '2024-10-11 07:05:10', 0, 0);
INSERT INTO `sys_user` VALUES (500, 'kEnTO2F9nr', '75568318645', 'http://dummyimage.com/100x100', '尹秀英', '2023-08-27 10:59:06', '2023-10-23 20:25:09', 0, 1);
INSERT INTO `sys_user` VALUES (501, 'i1oYaGYKsk', '14732201538', 'http://dummyimage.com/100x100', 'Luis Cooper', '2024-10-18 06:52:57', '2024-08-02 18:17:13', 0, 0);
INSERT INTO `sys_user` VALUES (502, '6pVMjHJHTZ', '13306523025', 'http://dummyimage.com/100x100', '汪致远', '2023-09-08 04:42:48', '2023-09-07 05:25:14', 1, 0);
INSERT INTO `sys_user` VALUES (503, 'I0OzrWcOb9', '7558320386', 'http://dummyimage.com/100x100', '傅詩涵', '2024-10-15 16:46:31', '2024-04-07 10:37:40', 0, 1);
INSERT INTO `sys_user` VALUES (504, 'z9SAHPAPpB', '75506374332', 'http://dummyimage.com/100x100', 'Melissa Nelson', '2023-04-12 23:12:36', '2023-04-11 06:04:17', 1, 1);
INSERT INTO `sys_user` VALUES (505, 'T4S8olN9Q6', '17350789603', 'http://dummyimage.com/100x100', '吴杰宏', '2023-09-13 04:15:06', '2023-05-18 17:44:41', 0, 0);
INSERT INTO `sys_user` VALUES (506, 'ze8Qt4eEpz', '18550932103', 'http://dummyimage.com/100x100', '高致远', '2023-06-11 07:40:54', '2023-06-29 01:22:29', 0, 1);
INSERT INTO `sys_user` VALUES (507, 'oz1nLpy6aC', '2078482455', 'http://dummyimage.com/100x100', 'Jason Taylor', '2023-04-30 07:59:04', '2024-07-14 20:37:43', 0, 0);
INSERT INTO `sys_user` VALUES (508, 'Sc1QclDP6y', '280965585', 'http://dummyimage.com/100x100', 'Mike Coleman', '2023-05-28 16:37:29', '2023-12-04 05:46:40', 0, 1);
INSERT INTO `sys_user` VALUES (509, 'ILbGKIYDJy', '17318849630', 'http://dummyimage.com/100x100', 'Ellen Weaver', '2024-07-02 00:01:41', '2024-01-15 08:11:16', 1, 0);
INSERT INTO `sys_user` VALUES (510, '2tmjQEK9cg', '2063681402', 'http://dummyimage.com/100x100', '薛晓明', '2024-09-29 23:48:57', '2024-03-02 19:49:33', 0, 1);
INSERT INTO `sys_user` VALUES (511, 'nY2EqlxpDo', '76907721961', 'http://dummyimage.com/100x100', 'Eva Mendoza', '2023-01-02 07:53:46', '2024-02-04 08:30:46', 1, 0);
INSERT INTO `sys_user` VALUES (512, '7IKbNmYKkS', '1011366246', 'http://dummyimage.com/100x100', '曹云熙', '2024-04-17 13:07:58', '2024-08-13 20:21:10', 1, 0);
INSERT INTO `sys_user` VALUES (513, 'gbb8l06d8u', '13017577070', 'http://dummyimage.com/100x100', 'Stephen Patel', '2023-05-17 06:24:37', '2023-05-02 22:14:56', 1, 1);
INSERT INTO `sys_user` VALUES (514, 'wFUmUfztyn', '7609759331', 'http://dummyimage.com/100x100', 'Jesus Hughes', '2023-12-19 19:50:53', '2023-08-10 15:47:17', 1, 1);
INSERT INTO `sys_user` VALUES (515, '5tVJO2NahT', '76095906963', 'http://dummyimage.com/100x100', 'Margaret Snyder', '2024-02-09 05:09:26', '2023-02-11 23:09:49', 0, 0);
INSERT INTO `sys_user` VALUES (516, 'y4iRPLLS0R', '2824527632', 'http://dummyimage.com/100x100', 'Jose Alvarez', '2023-05-23 21:48:52', '2023-01-09 18:14:08', 1, 1);
INSERT INTO `sys_user` VALUES (517, 'YxJ2QhWp1q', '17920317005', 'http://dummyimage.com/100x100', 'Jessica Ryan', '2024-04-21 19:27:40', '2023-06-07 08:09:28', 1, 1);
INSERT INTO `sys_user` VALUES (518, 'CayYp3taI9', '19441188111', 'http://dummyimage.com/100x100', 'Patrick Ruiz', '2024-01-27 02:16:52', '2023-06-25 06:47:45', 0, 0);
INSERT INTO `sys_user` VALUES (519, '0ybk6h8PN4', '75528716040', 'http://dummyimage.com/100x100', 'Sarah Jones', '2024-06-02 11:40:09', '2023-01-29 03:22:30', 1, 1);
INSERT INTO `sys_user` VALUES (520, 'MHaveaO9JD', '19132389812', 'http://dummyimage.com/100x100', '郑岚', '2023-02-15 10:49:59', '2024-04-13 16:44:03', 1, 1);
INSERT INTO `sys_user` VALUES (521, '7S1wMacSZ6', '14997831409', 'http://dummyimage.com/100x100', '姜致远', '2023-11-29 23:11:54', '2023-03-20 06:32:17', 0, 0);
INSERT INTO `sys_user` VALUES (522, 'qmutcfysgD', '18855788733', 'http://dummyimage.com/100x100', '陆子韬', '2024-01-19 06:30:33', '2023-08-30 07:16:39', 1, 0);
INSERT INTO `sys_user` VALUES (523, 'KY2NMJjBSw', '17671333813', 'http://dummyimage.com/100x100', 'Nancy Roberts', '2024-05-06 03:42:01', '2023-10-26 21:49:17', 0, 1);
INSERT INTO `sys_user` VALUES (524, 'xFN2oDczFR', '16345203014', 'http://dummyimage.com/100x100', 'Gladys King', '2024-09-20 11:08:07', '2023-07-21 05:48:18', 1, 0);
INSERT INTO `sys_user` VALUES (525, 'es0WFgHjjh', '16682219550', 'http://dummyimage.com/100x100', 'Andrea Russell', '2023-12-19 14:57:07', '2023-04-12 17:22:01', 1, 1);
INSERT INTO `sys_user` VALUES (526, 'Ooor2xsQrr', '2186405259', 'http://dummyimage.com/100x100', 'Bonnie Diaz', '2023-05-05 06:52:49', '2023-02-21 01:12:11', 1, 0);
INSERT INTO `sys_user` VALUES (527, 'U3fjZtc6aq', '203371792', 'http://dummyimage.com/100x100', 'George Moreno', '2023-07-04 15:07:39', '2023-10-24 02:29:28', 0, 0);
INSERT INTO `sys_user` VALUES (528, 'PZIEfwXgYX', '1062920190', 'http://dummyimage.com/100x100', '王杰宏', '2024-02-19 12:43:23', '2023-09-12 03:03:12', 0, 1);
INSERT INTO `sys_user` VALUES (529, 'LeAfngZeV1', '2876109854', 'http://dummyimage.com/100x100', '苏晓明', '2023-10-05 04:56:09', '2023-09-24 08:59:17', 0, 0);
INSERT INTO `sys_user` VALUES (530, 'LcIc16hprw', '2142237897', 'http://dummyimage.com/100x100', 'Stanley James', '2024-08-14 14:22:35', '2024-02-12 04:00:51', 0, 0);
INSERT INTO `sys_user` VALUES (531, 'UepYwgfX68', '76951830838', 'http://dummyimage.com/100x100', 'Bonnie Phillips', '2024-05-23 08:26:03', '2023-01-12 09:47:15', 1, 0);
INSERT INTO `sys_user` VALUES (532, 'FuTIjZnD0p', '204745317', 'http://dummyimage.com/100x100', '石子异', '2023-03-09 12:15:44', '2023-06-07 05:10:58', 1, 1);
INSERT INTO `sys_user` VALUES (533, 'y1U8xqofUh', '76031162556', 'http://dummyimage.com/100x100', '马睿', '2024-09-22 11:00:02', '2023-07-21 16:35:55', 1, 1);
INSERT INTO `sys_user` VALUES (534, '0aJL0ANSE4', '16008636870', 'http://dummyimage.com/100x100', 'Joanne Crawford', '2023-02-21 22:15:53', '2024-06-26 20:18:01', 0, 1);
INSERT INTO `sys_user` VALUES (535, 'QDoHFmJ4sb', '14568556385', 'http://dummyimage.com/100x100', '卢杰宏', '2024-01-28 13:36:35', '2024-08-20 00:31:24', 0, 1);
INSERT INTO `sys_user` VALUES (536, 'IAM1ReL9gh', '286375103', 'http://dummyimage.com/100x100', '龙子异', '2024-03-23 09:27:10', '2023-03-23 16:52:32', 1, 0);
INSERT INTO `sys_user` VALUES (537, 'ufBk6oA0D8', '13796726665', 'http://dummyimage.com/100x100', '钟璐', '2023-09-20 00:36:21', '2024-07-12 15:34:46', 0, 0);
INSERT INTO `sys_user` VALUES (538, 'DuQzwU8ozD', '15261602697', 'http://dummyimage.com/100x100', 'Sarah Alexander', '2023-08-22 11:03:33', '2023-10-28 17:11:52', 1, 0);
INSERT INTO `sys_user` VALUES (539, 'bBodnd5nwz', '16613953684', 'http://dummyimage.com/100x100', 'Allen Marshall', '2024-09-06 22:27:59', '2024-02-24 16:07:05', 1, 0);
INSERT INTO `sys_user` VALUES (540, 'q1dv1SrjOY', '1062683804', 'http://dummyimage.com/100x100', '吕致远', '2023-10-04 22:42:59', '2024-08-22 01:45:49', 0, 1);
INSERT INTO `sys_user` VALUES (541, 's3Sz7W9xxi', '218412706', 'http://dummyimage.com/100x100', '周嘉伦', '2024-02-19 23:29:37', '2023-12-29 06:45:24', 0, 0);
INSERT INTO `sys_user` VALUES (542, 'SSR4o8cGIb', '18645743783', 'http://dummyimage.com/100x100', '钱致远', '2024-02-17 18:36:06', '2024-01-25 21:30:54', 0, 1);
INSERT INTO `sys_user` VALUES (543, '2Wlgfj4h8d', '19119590137', 'http://dummyimage.com/100x100', '蒋璐', '2023-06-06 11:27:09', '2023-09-29 01:31:16', 1, 1);
INSERT INTO `sys_user` VALUES (544, 'D5I0JbqJCT', '15059440262', 'http://dummyimage.com/100x100', 'Donna Rose', '2023-05-25 06:36:16', '2024-08-07 05:15:36', 0, 0);
INSERT INTO `sys_user` VALUES (545, 'Zs9PtVI02t', '13434611396', 'http://dummyimage.com/100x100', '何子异', '2024-03-14 21:43:38', '2024-05-06 17:55:04', 0, 0);
INSERT INTO `sys_user` VALUES (546, 'js3n0EfjHc', '16354180284', 'http://dummyimage.com/100x100', 'Doris Walker', '2023-04-28 05:34:09', '2023-07-17 22:38:24', 1, 0);
INSERT INTO `sys_user` VALUES (547, 'eROX03NjWs', '16120655649', 'http://dummyimage.com/100x100', 'Rachel Peterson', '2024-04-27 02:22:33', '2024-10-07 02:38:25', 1, 0);
INSERT INTO `sys_user` VALUES (548, 'VDS9RuJeHb', '7600718850', 'http://dummyimage.com/100x100', '廖安琪', '2024-10-16 22:48:15', '2023-06-29 12:42:33', 1, 1);
INSERT INTO `sys_user` VALUES (549, 'eb6B1ompuc', '18453592794', 'http://dummyimage.com/100x100', '曾震南', '2023-08-21 18:39:19', '2024-08-08 02:22:41', 1, 1);
INSERT INTO `sys_user` VALUES (550, 'yxlPKriCLT', '14836752359', 'http://dummyimage.com/100x100', '邹杰宏', '2024-09-20 06:08:03', '2024-06-30 23:16:58', 1, 1);
INSERT INTO `sys_user` VALUES (551, 'FJmPgaXSR9', '2099509198', 'http://dummyimage.com/100x100', '刘震南', '2023-03-28 03:28:11', '2023-06-23 06:17:14', 0, 1);
INSERT INTO `sys_user` VALUES (552, 'h4pMfNfr8A', '16791227938', 'http://dummyimage.com/100x100', '熊睿', '2023-02-12 11:24:18', '2023-08-30 10:03:06', 0, 0);
INSERT INTO `sys_user` VALUES (553, 'UZ6DDcpJoJ', '17970305485', 'http://dummyimage.com/100x100', 'Peter Hall', '2024-09-29 21:22:06', '2024-07-04 06:34:56', 0, 0);
INSERT INTO `sys_user` VALUES (554, 'ogfpcr9oyx', '7694119906', 'http://dummyimage.com/100x100', 'Phillip Warren', '2024-09-13 21:30:35', '2024-03-28 03:14:57', 1, 0);
INSERT INTO `sys_user` VALUES (555, 'zbrgrtuHeQ', '18699732098', 'http://dummyimage.com/100x100', '卢子异', '2023-01-17 20:31:23', '2023-01-29 07:14:31', 0, 1);
INSERT INTO `sys_user` VALUES (556, '2HM6CDTRo8', '14200789885', 'http://dummyimage.com/100x100', 'John Kennedy', '2023-05-08 03:20:03', '2023-08-15 00:24:00', 0, 1);
INSERT INTO `sys_user` VALUES (557, 'NhwkozHmQh', '13536321298', 'http://dummyimage.com/100x100', 'Jeff Warren', '2024-02-25 18:56:26', '2023-04-14 22:30:20', 1, 0);
INSERT INTO `sys_user` VALUES (558, 'KxvxQfohaM', '14897875607', 'http://dummyimage.com/100x100', '唐嘉伦', '2024-03-18 08:05:31', '2024-05-12 02:46:29', 0, 0);
INSERT INTO `sys_user` VALUES (559, 'fkhCNFZpFj', '19446973741', 'http://dummyimage.com/100x100', 'Eric White', '2023-10-29 12:31:36', '2023-01-20 18:28:38', 0, 1);
INSERT INTO `sys_user` VALUES (560, 'IaWqrae2aA', '14162169850', 'http://dummyimage.com/100x100', 'Amanda Lewis', '2023-06-06 16:54:20', '2024-04-06 12:34:39', 1, 1);
INSERT INTO `sys_user` VALUES (561, 'uZ1VwQNZ7j', '19779721262', 'http://dummyimage.com/100x100', 'Rose Harrison', '2023-03-06 21:27:27', '2024-06-20 06:39:53', 1, 0);
INSERT INTO `sys_user` VALUES (563, 'zwgy61PTCZ', '219901548', 'http://dummyimage.com/100x100', 'Francisco Ellis', '2024-09-24 05:03:15', '2023-12-01 21:37:34', 0, 0);
INSERT INTO `sys_user` VALUES (564, 'bqsKizLUGj', '16779125779', 'http://dummyimage.com/100x100', 'Lori Diaz', '2024-10-17 09:25:44', '2023-12-04 18:29:46', 1, 0);
INSERT INTO `sys_user` VALUES (565, 'nvsaGDUn5Y', '76905447514', 'http://dummyimage.com/100x100', '谭震南', '2024-05-11 13:29:32', '2023-09-18 20:33:40', 0, 0);
INSERT INTO `sys_user` VALUES (566, 'QL7U7QBOvz', '2179195216', 'http://dummyimage.com/100x100', '苏嘉伦', '2024-07-10 15:07:13', '2023-10-15 16:15:32', 0, 1);
INSERT INTO `sys_user` VALUES (567, 't2wLoyNVpg', '15773928005', 'http://dummyimage.com/100x100', '孔安琪', '2024-03-01 17:43:43', '2023-05-22 21:37:50', 0, 0);
INSERT INTO `sys_user` VALUES (568, '1GRwU5y8ym', '16071785053', 'http://dummyimage.com/100x100', 'Mike Moore', '2024-04-25 09:02:22', '2024-01-24 20:26:13', 1, 1);
INSERT INTO `sys_user` VALUES (569, 'wi31uxzEXI', '7699354068', 'http://dummyimage.com/100x100', 'Leroy Garza', '2023-05-21 05:12:17', '2024-03-10 13:05:13', 1, 1);
INSERT INTO `sys_user` VALUES (570, 'g5Jmd7mAzO', '14088417521', 'http://dummyimage.com/100x100', 'Joan Wallace', '2023-04-10 14:25:42', '2024-10-09 23:59:38', 1, 0);
INSERT INTO `sys_user` VALUES (571, 'RBJ9xoqAmf', '18219936052', 'http://dummyimage.com/100x100', '许璐', '2023-03-20 18:30:25', '2024-02-23 07:37:02', 0, 1);
INSERT INTO `sys_user` VALUES (572, 'wgVVrjewY5', '16272242324', 'http://dummyimage.com/100x100', 'Michael Burns', '2023-06-06 12:42:11', '2023-08-21 16:04:16', 0, 1);
INSERT INTO `sys_user` VALUES (573, '1Vpz1FdBoi', '18572431878', 'http://dummyimage.com/100x100', '胡震南', '2023-02-16 21:33:06', '2024-07-16 22:08:45', 0, 0);
INSERT INTO `sys_user` VALUES (574, '5FJO5IuWkF', '76984776956', 'http://dummyimage.com/100x100', 'Amy Sanders', '2024-03-08 09:47:31', '2024-04-27 02:26:43', 0, 1);
INSERT INTO `sys_user` VALUES (575, 'NaIwiiRiUJ', '15874647498', 'http://dummyimage.com/100x100', 'Chad Brown', '2023-05-09 15:11:03', '2023-02-18 08:23:39', 0, 1);
INSERT INTO `sys_user` VALUES (576, 'WCVqZRzvSv', '14681766099', 'http://dummyimage.com/100x100', 'Allen Jordan', '2024-04-03 02:04:12', '2023-07-27 05:43:29', 1, 1);
INSERT INTO `sys_user` VALUES (577, '66wkyPKYbQ', '13815459696', 'http://dummyimage.com/100x100', '向詩涵', '2023-03-06 14:49:55', '2023-09-07 04:10:13', 0, 0);
INSERT INTO `sys_user` VALUES (578, 'azKXWeUmaK', '1073190687', 'http://dummyimage.com/100x100', 'Donald Washington', '2023-04-24 21:28:40', '2023-06-19 05:31:58', 1, 0);
INSERT INTO `sys_user` VALUES (579, 'VqKNAdI31Y', '7557185839', 'http://dummyimage.com/100x100', '陆璐', '2024-04-08 07:14:04', '2024-04-28 07:45:17', 1, 0);
INSERT INTO `sys_user` VALUES (581, 'FwT9gKbgjR', '76047261565', 'http://dummyimage.com/100x100', 'Albert Turner', '2024-01-10 00:01:50', '2024-09-01 17:17:39', 0, 1);
INSERT INTO `sys_user` VALUES (582, 'nrHADDumUr', '19115976565', 'http://dummyimage.com/100x100', '罗睿', '2023-02-04 05:03:00', '2024-08-16 03:28:41', 1, 1);
INSERT INTO `sys_user` VALUES (583, 'ZAVs8k6a5P', '15260722043', 'http://dummyimage.com/100x100', 'Nathan Dunn', '2024-06-05 16:31:51', '2024-03-10 22:32:39', 0, 0);
INSERT INTO `sys_user` VALUES (584, 'BmBfmtRV5q', '16002597440', 'http://dummyimage.com/100x100', 'Phyllis Mills', '2024-04-20 03:26:23', '2023-08-27 03:21:19', 0, 1);
INSERT INTO `sys_user` VALUES (585, 'IRzV4uSDfI', '15157639750', 'http://dummyimage.com/100x100', '李岚', '2024-03-09 02:52:04', '2023-06-23 21:50:20', 0, 1);
INSERT INTO `sys_user` VALUES (586, 'JwvggthEWV', '76099403994', 'http://dummyimage.com/100x100', '戴子异', '2023-08-14 08:34:23', '2023-01-07 05:35:10', 0, 0);
INSERT INTO `sys_user` VALUES (587, 'Ru1XD3eVuk', '7554583026', 'http://dummyimage.com/100x100', 'Juanita Alvarez', '2024-02-24 10:10:40', '2024-01-12 22:42:09', 1, 0);
INSERT INTO `sys_user` VALUES (588, 'Kmj0Ljp5TL', '17789588191', 'http://dummyimage.com/100x100', 'Kathryn Ruiz', '2023-03-26 18:46:25', '2024-05-18 21:34:06', 0, 1);
INSERT INTO `sys_user` VALUES (589, 'i6Bp6sbDbV', '13674162100', 'http://dummyimage.com/100x100', '郭杰宏', '2024-05-14 23:53:48', '2023-05-24 04:39:13', 1, 0);
INSERT INTO `sys_user` VALUES (590, '6l8xTefLiI', '14525170610', 'http://dummyimage.com/100x100', 'Cindy Morales', '2023-12-01 21:46:26', '2024-02-08 02:18:26', 1, 1);
INSERT INTO `sys_user` VALUES (591, '8iyMMXpqO8', '16563709871', 'http://dummyimage.com/100x100', '黎嘉伦', '2024-02-01 06:13:38', '2024-02-09 19:55:07', 0, 0);
INSERT INTO `sys_user` VALUES (592, 'zL4ziZ3SMf', '2892430251', 'http://dummyimage.com/100x100', 'Donna Ross', '2023-09-10 03:22:46', '2024-09-02 15:47:48', 1, 0);
INSERT INTO `sys_user` VALUES (593, 'E9KhbAWQky', '16950995386', 'http://dummyimage.com/100x100', 'Manuel Alexander', '2024-05-23 17:47:31', '2024-10-01 10:01:11', 1, 1);
INSERT INTO `sys_user` VALUES (595, 'f4due7is2Z', '75541343420', 'http://dummyimage.com/100x100', 'Jennifer Williams', '2023-06-27 01:56:21', '2023-12-28 19:49:02', 0, 0);
INSERT INTO `sys_user` VALUES (596, 'xHIWbHMati', '108448952', 'http://dummyimage.com/100x100', '李安琪', '2024-05-31 01:16:42', '2024-05-15 11:28:14', 0, 1);
INSERT INTO `sys_user` VALUES (597, 'yQkIpbde6j', '7699458083', 'http://dummyimage.com/100x100', '汤子异', '2023-06-05 10:56:30', '2024-08-12 22:22:32', 1, 1);
INSERT INTO `sys_user` VALUES (598, 'CZFDhGFTy2', '7699808086', 'http://dummyimage.com/100x100', 'Carl Kim', '2024-09-27 21:09:31', '2023-03-26 19:24:23', 0, 1);
INSERT INTO `sys_user` VALUES (599, 'Q4oKLjxOuV', '19755931731', 'http://dummyimage.com/100x100', 'Lillian Griffin', '2023-12-09 16:39:24', '2023-06-05 23:19:30', 1, 0);
INSERT INTO `sys_user` VALUES (600, 'kE79qxxNxL', '19106129274', 'http://dummyimage.com/100x100', '徐晓明', '2023-02-24 04:19:27', '2023-03-09 19:57:14', 0, 0);
INSERT INTO `sys_user` VALUES (601, 'wB47an5GFX', '15993473030', 'http://dummyimage.com/100x100', 'Louis Collins', '2023-12-25 02:22:59', '2024-08-20 21:04:45', 1, 0);
INSERT INTO `sys_user` VALUES (602, 'W46VC6O8HH', '75584959393', 'http://dummyimage.com/100x100', 'Alice White', '2024-07-19 05:09:36', '2023-10-28 01:50:50', 1, 0);
INSERT INTO `sys_user` VALUES (603, '91h0rOSd9k', '2106182458', 'http://dummyimage.com/100x100', 'Leonard Hall', '2024-09-15 17:29:12', '2024-10-11 12:46:30', 1, 1);
INSERT INTO `sys_user` VALUES (604, 'MqAx6vk47g', '13951380105', 'http://dummyimage.com/100x100', 'Leonard Price', '2023-08-06 11:41:36', '2023-09-01 01:45:55', 1, 1);
INSERT INTO `sys_user` VALUES (605, 'DLGP6odghs', '13003059319', 'http://dummyimage.com/100x100', '高云熙', '2023-07-31 19:26:04', '2023-04-07 02:02:20', 0, 1);
INSERT INTO `sys_user` VALUES (606, 'Pl3miOcCqN', '1058627695', 'http://dummyimage.com/100x100', '段宇宁', '2023-08-30 09:51:44', '2023-12-31 01:53:33', 1, 1);
INSERT INTO `sys_user` VALUES (607, 'c8YwmDfMS3', '7557329523', 'http://dummyimage.com/100x100', '段秀英', '2023-07-21 01:20:54', '2023-10-26 11:54:02', 1, 0);
INSERT INTO `sys_user` VALUES (608, 'Sa9jatUovp', '19950517131', 'http://dummyimage.com/100x100', '韦云熙', '2024-08-24 17:59:02', '2023-12-19 22:39:27', 1, 1);
INSERT INTO `sys_user` VALUES (609, 'rmwVFTjt4y', '16983344363', 'http://dummyimage.com/100x100', '罗晓明', '2024-02-02 18:10:34', '2024-01-13 02:26:04', 0, 0);
INSERT INTO `sys_user` VALUES (610, 'Pgj5TUjByE', '13160139351', 'http://dummyimage.com/100x100', 'Eleanor Carter', '2024-01-24 05:47:10', '2024-08-02 00:00:55', 1, 0);
INSERT INTO `sys_user` VALUES (611, 'VtskvQhwjk', '17577907155', 'http://dummyimage.com/100x100', 'Samuel Black', '2023-03-18 09:29:07', '2023-12-26 14:17:00', 1, 0);
INSERT INTO `sys_user` VALUES (612, 'u9QuAISuiU', '219125869', 'http://dummyimage.com/100x100', 'Terry Mcdonald', '2023-07-26 15:54:41', '2023-09-01 07:07:48', 0, 1);
INSERT INTO `sys_user` VALUES (613, 'Sy2mLheYxk', '17764550465', 'http://dummyimage.com/100x100', 'Edith Schmidt', '2023-02-12 15:46:12', '2024-09-23 02:44:16', 1, 0);
INSERT INTO `sys_user` VALUES (614, 'XVf96QOV51', '76905192061', 'http://dummyimage.com/100x100', 'Susan Bennett', '2024-03-05 05:27:36', '2023-11-16 21:25:42', 0, 1);
INSERT INTO `sys_user` VALUES (615, 'U30hXN05Qf', '2166566577', 'http://dummyimage.com/100x100', 'Cindy Bell', '2024-02-11 18:19:54', '2024-06-23 02:09:54', 1, 1);
INSERT INTO `sys_user` VALUES (616, 'A81Vwy9OsE', '7693178512', 'http://dummyimage.com/100x100', 'Sheila Alvarez', '2023-12-13 00:48:15', '2024-03-17 18:35:34', 1, 1);
INSERT INTO `sys_user` VALUES (617, '4HQDLQCLEP', '108346681', 'http://dummyimage.com/100x100', 'Kyle Carter', '2023-02-26 17:41:52', '2024-01-16 14:57:38', 1, 0);
INSERT INTO `sys_user` VALUES (618, '5Wz12OJ9ty', '14395279671', 'http://dummyimage.com/100x100', '任睿', '2024-01-30 20:34:48', '2024-05-08 10:22:28', 1, 0);
INSERT INTO `sys_user` VALUES (619, 'E2uhY1ehG7', '75563127548', 'http://dummyimage.com/100x100', '孙璐', '2023-08-18 17:49:36', '2023-08-28 18:42:53', 1, 1);
INSERT INTO `sys_user` VALUES (620, 'xnpV3G3jwS', '17045324939', 'http://dummyimage.com/100x100', 'Kathy Brooks', '2023-04-25 21:02:32', '2024-07-23 02:29:18', 1, 0);
INSERT INTO `sys_user` VALUES (621, 'K3Uc79j0ty', '17891337729', 'http://dummyimage.com/100x100', '蒋嘉伦', '2023-12-11 09:49:35', '2023-09-06 16:06:15', 1, 0);
INSERT INTO `sys_user` VALUES (623, 'XdIYYeVdzN', '13939823213', 'http://dummyimage.com/100x100', 'Nicole Castro', '2023-07-18 04:02:48', '2024-10-11 01:53:25', 0, 1);
INSERT INTO `sys_user` VALUES (624, 'Af9j5BVqZv', '17366754554', 'http://dummyimage.com/100x100', '姚云熙', '2024-06-29 20:38:14', '2023-10-04 18:28:43', 1, 1);
INSERT INTO `sys_user` VALUES (625, 'qP7IqE8Sps', '13321863037', 'http://dummyimage.com/100x100', '阎震南', '2024-02-01 16:24:23', '2024-05-09 01:52:17', 0, 0);
INSERT INTO `sys_user` VALUES (626, 'P5B59tnFJ8', '7559016559', 'http://dummyimage.com/100x100', 'Julia Russell', '2023-09-06 09:08:46', '2023-01-10 18:18:55', 1, 0);
INSERT INTO `sys_user` VALUES (627, 'xBhkNSxpR1', '15117165609', 'http://dummyimage.com/100x100', '冯震南', '2024-03-29 06:01:41', '2023-06-08 04:29:04', 1, 0);
INSERT INTO `sys_user` VALUES (628, 'gIABjFRw80', '19658446843', 'http://dummyimage.com/100x100', 'Jesse Gomez', '2023-03-19 17:02:46', '2024-09-14 00:11:14', 0, 1);
INSERT INTO `sys_user` VALUES (629, 'tWxNbp2T8E', '19780533824', 'http://dummyimage.com/100x100', '胡嘉伦', '2023-02-22 08:46:56', '2024-06-20 17:17:33', 0, 1);
INSERT INTO `sys_user` VALUES (630, 'g2wEXwawB0', '17326760892', 'http://dummyimage.com/100x100', '莫岚', '2023-12-08 05:38:03', '2024-08-10 05:49:44', 0, 1);
INSERT INTO `sys_user` VALUES (631, 'QB8KfrTZyo', '7692755086', 'http://dummyimage.com/100x100', '莫致远', '2024-09-05 23:52:01', '2024-01-30 23:32:58', 1, 0);
INSERT INTO `sys_user` VALUES (632, 'zuA9xTJeTq', '7600801475', 'http://dummyimage.com/100x100', '潘璐', '2024-09-16 03:04:43', '2023-09-23 11:28:50', 0, 1);
INSERT INTO `sys_user` VALUES (633, 'yFRN9TtbJg', '15556043072', 'http://dummyimage.com/100x100', 'Wanda Gardner', '2024-06-19 19:44:14', '2024-07-29 05:59:21', 0, 0);
INSERT INTO `sys_user` VALUES (634, 'oaFzXyJ8EH', '19191045772', 'http://dummyimage.com/100x100', '叶云熙', '2023-08-25 07:05:02', '2023-08-11 12:34:00', 0, 1);
INSERT INTO `sys_user` VALUES (635, 'QJ5rhYaDLR', '14863338076', 'http://dummyimage.com/100x100', '高岚', '2024-05-16 16:52:44', '2024-05-09 23:21:18', 1, 0);
INSERT INTO `sys_user` VALUES (636, 'ouCsSyTpLo', '17983084377', 'http://dummyimage.com/100x100', 'Shannon Butler', '2024-06-01 16:11:27', '2023-02-28 12:17:05', 1, 1);
INSERT INTO `sys_user` VALUES (637, 'AmYAGV6TC2', '16355251214', 'http://dummyimage.com/100x100', '尹晓明', '2024-01-16 08:46:45', '2024-06-08 04:09:43', 1, 0);
INSERT INTO `sys_user` VALUES (638, 'OwDB5e2tvf', '17719967236', 'http://dummyimage.com/100x100', 'Edna Fernandez', '2024-05-11 14:41:58', '2023-12-15 20:33:15', 1, 0);
INSERT INTO `sys_user` VALUES (639, 'GmjPdG3MWC', '13639152174', 'http://localhost:9090/store/b1382b9b-bb01-4373-b5ed-8d3864d29be0.jpg', 'Gerald Snyder', '2023-03-29 12:24:21', '2025-01-04 01:04:18', 0, 1);
INSERT INTO `sys_user` VALUES (640, 'rVBl3Btj0R', '286346265', 'http://dummyimage.com/100x100', '韦子异', '2024-07-23 12:37:35', '2024-02-04 21:44:30', 1, 1);
INSERT INTO `sys_user` VALUES (641, 'p3QRVasT95', '14217073568', 'http://dummyimage.com/100x100', 'Alexander Simmons', '2024-07-18 17:10:47', '2023-10-07 08:53:18', 1, 0);
INSERT INTO `sys_user` VALUES (642, 'VT3hFECScM', '2897440236', 'http://dummyimage.com/100x100', '戴震南', '2024-01-31 14:07:48', '2023-01-23 22:06:20', 0, 1);
INSERT INTO `sys_user` VALUES (643, '6ttlZRMscf', '2873626925', 'http://dummyimage.com/100x100', 'Brian Hunt', '2023-10-16 21:55:39', '2023-12-27 21:27:11', 0, 1);
INSERT INTO `sys_user` VALUES (644, 'hh7euOdicH', '18925817464', 'http://dummyimage.com/100x100', '傅杰宏', '2023-11-10 18:49:08', '2023-01-13 06:07:52', 0, 1);
INSERT INTO `sys_user` VALUES (645, 'FkvYo8FcA1', '17505723630', 'http://dummyimage.com/100x100', 'Philip Stevens', '2023-02-24 22:46:08', '2024-07-04 22:48:57', 0, 1);
INSERT INTO `sys_user` VALUES (646, '14bCu80Nlz', '14178372242', 'http://dummyimage.com/100x100', '刘岚', '2023-07-02 07:04:43', '2024-07-13 04:48:41', 1, 0);
INSERT INTO `sys_user` VALUES (647, '3Bx0vOr1yU', '1013552426', 'http://dummyimage.com/100x100', '钟子异', '2023-12-09 12:54:22', '2023-12-07 12:58:46', 1, 1);
INSERT INTO `sys_user` VALUES (648, 'ZkSfknCZDL', '75556707643', 'http://dummyimage.com/100x100', '史杰宏', '2023-03-08 15:40:31', '2023-11-02 16:45:24', 0, 1);
INSERT INTO `sys_user` VALUES (649, '1Q90TI4vp5', '208632144', 'http://dummyimage.com/100x100', 'Doris Wells', '2024-04-19 15:43:20', '2023-09-18 15:59:01', 0, 1);
INSERT INTO `sys_user` VALUES (650, 'RlU3HRT0JB', '19847303516', 'http://dummyimage.com/100x100', '史子异', '2023-09-13 08:02:36', '2024-08-03 12:34:00', 0, 1);
INSERT INTO `sys_user` VALUES (651, 'VPLCStZGHf', '13252702825', 'http://dummyimage.com/100x100', 'Peter Harris', '2023-09-02 16:12:16', '2023-01-05 20:14:06', 1, 0);
INSERT INTO `sys_user` VALUES (652, 'M6vvmGY3mH', '16744542000', 'http://dummyimage.com/100x100', 'Linda Carter', '2024-06-12 00:22:44', '2023-08-20 19:56:10', 1, 0);
INSERT INTO `sys_user` VALUES (653, 'whCihZAegX', '280944413', 'http://dummyimage.com/100x100', '萧致远', '2024-04-07 21:48:01', '2023-04-24 05:25:56', 1, 1);
INSERT INTO `sys_user` VALUES (654, 'iUjcfAwjwC', '19064248179', 'http://dummyimage.com/100x100', '石睿', '2023-03-17 19:58:24', '2023-09-24 03:49:41', 0, 1);
INSERT INTO `sys_user` VALUES (655, 'bfMqluTIDQ', '19304459948', 'http://dummyimage.com/100x100', 'Brian Payne', '2024-02-16 16:27:51', '2023-05-08 12:40:11', 0, 1);
INSERT INTO `sys_user` VALUES (656, 'dvhZiEgI4c', '1065065001', 'http://dummyimage.com/100x100', '马睿', '2024-09-01 13:59:13', '2024-02-18 02:08:00', 0, 1);
INSERT INTO `sys_user` VALUES (657, 'NLHW64QPBV', '1082091812', 'http://dummyimage.com/100x100', 'Lee Porter', '2023-04-08 12:06:52', '2023-04-02 11:01:21', 1, 0);
INSERT INTO `sys_user` VALUES (658, '0yoAWPOu1j', '13928033795', 'http://dummyimage.com/100x100', '杜睿', '2024-03-10 06:28:01', '2023-02-18 07:53:59', 1, 1);
INSERT INTO `sys_user` VALUES (659, 'tN5VYEL7nq', '16620265662', 'http://dummyimage.com/100x100', 'Jacob Thompson', '2024-02-01 07:28:22', '2024-06-03 23:42:17', 1, 0);
INSERT INTO `sys_user` VALUES (660, 'OPGPEZ9APl', '75509913139', 'http://dummyimage.com/100x100', 'Danny Brooks', '2023-06-12 05:11:16', '2024-08-24 09:55:46', 0, 1);
INSERT INTO `sys_user` VALUES (661, '4yGXjB1pXu', '16762939882', 'http://dummyimage.com/100x100', '戴睿', '2023-05-24 06:31:30', '2024-05-29 14:39:44', 0, 0);
INSERT INTO `sys_user` VALUES (662, 'S3o8v4xlp1', '76071372146', 'http://dummyimage.com/100x100', '高云熙', '2023-03-10 14:20:13', '2024-05-06 08:37:56', 0, 1);
INSERT INTO `sys_user` VALUES (663, 'FvHHz5kTlH', '17992037979', 'http://dummyimage.com/100x100', 'Sandra Harris', '2024-04-18 05:32:14', '2023-09-07 20:02:23', 0, 1);
INSERT INTO `sys_user` VALUES (664, '432KO0eriE', '17277381245', 'http://dummyimage.com/100x100', 'Lucille Hill', '2023-09-06 06:31:37', '2023-09-16 22:01:23', 1, 1);
INSERT INTO `sys_user` VALUES (665, '3fQ7uX5rhI', '18537571539', 'http://dummyimage.com/100x100', 'Paul Mendez', '2024-04-13 19:32:31', '2024-01-02 21:27:33', 0, 1);
INSERT INTO `sys_user` VALUES (666, 'F0oNsoWL8y', '206975498', 'http://dummyimage.com/100x100', 'Kim Thomas', '2024-06-19 21:58:44', '2023-05-06 06:36:34', 1, 0);
INSERT INTO `sys_user` VALUES (667, 'xM78Tv4lIh', '76997665051', 'http://dummyimage.com/100x100', 'Rita Ward', '2023-05-10 00:05:37', '2024-06-04 13:33:29', 0, 1);
INSERT INTO `sys_user` VALUES (668, 'BRVgRyzdSo', '216355068', 'http://dummyimage.com/100x100', 'Douglas Lewis', '2023-03-21 09:41:19', '2024-10-06 16:31:54', 0, 0);
INSERT INTO `sys_user` VALUES (669, 'kpY04TFnBM', '13951324447', 'http://dummyimage.com/100x100', '魏安琪', '2024-08-18 02:40:36', '2023-09-02 12:42:01', 0, 0);
INSERT INTO `sys_user` VALUES (670, 'zdzum4vtPK', '17479612631', 'http://dummyimage.com/100x100', 'Diana Diaz', '2023-06-10 11:13:31', '2023-09-17 16:06:19', 0, 1);
INSERT INTO `sys_user` VALUES (671, 'qzD2EPqsp6', '16207327335', 'http://dummyimage.com/100x100', 'Elizabeth Soto', '2023-06-14 06:31:47', '2024-03-14 19:24:17', 0, 0);
INSERT INTO `sys_user` VALUES (672, 'dU4mCc1CM6', '7601034963', 'http://dummyimage.com/100x100', '贺嘉伦', '2023-05-07 22:59:49', '2023-08-19 13:09:32', 1, 1);
INSERT INTO `sys_user` VALUES (673, 'p9DuacdDDq', '76918679814', 'http://dummyimage.com/100x100', '邵致远', '2024-04-05 20:43:26', '2024-02-19 15:09:19', 1, 0);
INSERT INTO `sys_user` VALUES (674, 'I3CgphVlH4', '2827622771', 'http://dummyimage.com/100x100', 'Bonnie Stewart', '2023-11-05 01:16:11', '2024-01-24 18:55:56', 1, 0);
INSERT INTO `sys_user` VALUES (675, '9llpA2qwPy', '16572241044', 'http://dummyimage.com/100x100', '尹云熙', '2023-05-18 20:33:52', '2024-09-06 12:12:49', 0, 0);
INSERT INTO `sys_user` VALUES (676, 'Ey9nwfGfq0', '19006979151', 'http://dummyimage.com/100x100', 'Jason Campbell', '2024-05-12 23:30:58', '2024-05-19 22:24:18', 1, 0);
INSERT INTO `sys_user` VALUES (677, 'mCO5FK2ZR4', '105878640', 'http://dummyimage.com/100x100', 'Dennis Hamilton', '2024-09-28 16:19:59', '2024-08-13 20:49:08', 0, 0);
INSERT INTO `sys_user` VALUES (678, 'NRfmfsi8I3', '76076537190', 'http://dummyimage.com/100x100', 'Rodney Perez', '2023-09-17 23:33:59', '2023-08-26 09:50:28', 0, 0);
INSERT INTO `sys_user` VALUES (679, 'GlxaCW1IOt', '17907824530', 'http://dummyimage.com/100x100', '雷睿', '2023-07-01 22:21:45', '2024-02-09 11:41:06', 1, 1);
INSERT INTO `sys_user` VALUES (680, 'MGfnTIjWAb', '2840209816', 'http://dummyimage.com/100x100', 'Gerald Campbell', '2024-04-16 20:41:04', '2023-06-28 06:34:41', 1, 1);
INSERT INTO `sys_user` VALUES (681, 'd8BahwT0b8', '205327422', 'http://dummyimage.com/100x100', '吴詩涵', '2023-09-13 10:47:33', '2024-02-27 19:48:35', 0, 0);
INSERT INTO `sys_user` VALUES (682, 'UaGc26tM9k', '7556203182', 'http://dummyimage.com/100x100', '雷秀英', '2024-04-02 11:40:16', '2023-09-10 01:28:31', 0, 1);
INSERT INTO `sys_user` VALUES (683, '3hX2mqEphC', '18978235189', 'http://dummyimage.com/100x100', 'Johnny Patel', '2023-03-06 16:52:15', '2024-01-18 11:44:52', 1, 1);
INSERT INTO `sys_user` VALUES (684, 'U697ZM3xnv', '75508502311', 'http://dummyimage.com/100x100', 'Henry Payne', '2023-08-12 02:36:58', '2023-09-30 03:58:26', 0, 0);
INSERT INTO `sys_user` VALUES (685, 'G0DUOt9P26', '17072230435', 'http://dummyimage.com/100x100', 'Chad West', '2023-09-24 02:10:03', '2023-03-11 01:24:57', 1, 0);
INSERT INTO `sys_user` VALUES (686, 'GGy3x1Pvws', '76072844306', 'http://dummyimage.com/100x100', 'Marvin Jones', '2023-04-10 13:33:02', '2023-08-03 02:33:15', 1, 0);
INSERT INTO `sys_user` VALUES (687, 'DYy0GCkfbg', '287388927', 'http://dummyimage.com/100x100', '史岚', '2024-05-13 11:16:20', '2023-09-24 16:10:21', 0, 0);
INSERT INTO `sys_user` VALUES (688, 'MRitprX3B0', '16982468264', 'http://dummyimage.com/100x100', '崔安琪', '2023-09-16 15:58:23', '2024-03-13 21:31:05', 0, 0);
INSERT INTO `sys_user` VALUES (689, 'ueOHaXeh3p', '7558743473', 'http://dummyimage.com/100x100', '薛秀英', '2023-12-06 07:57:32', '2024-07-04 17:32:40', 0, 0);
INSERT INTO `sys_user` VALUES (690, 'QFHLNwLYYi', '201024739', 'http://dummyimage.com/100x100', 'Marvin Smith', '2023-06-19 02:43:11', '2023-12-05 14:18:25', 0, 0);
INSERT INTO `sys_user` VALUES (691, 'dTcnotyb4x', '13424887237', 'http://dummyimage.com/100x100', '王安琪', '2024-02-15 11:05:15', '2023-10-02 15:51:44', 0, 1);
INSERT INTO `sys_user` VALUES (692, 'g76gfpmDBC', '16794957482', 'http://dummyimage.com/100x100', '孙震南', '2024-04-26 23:12:28', '2023-03-06 09:55:58', 0, 1);
INSERT INTO `sys_user` VALUES (693, '0Tt3rkN90O', '14652104889', 'http://dummyimage.com/100x100', '徐岚', '2023-03-02 09:18:23', '2023-08-17 05:51:08', 0, 1);
INSERT INTO `sys_user` VALUES (694, 'BSVwkLuqH7', '14774482825', 'http://dummyimage.com/100x100', '林詩涵', '2024-02-09 05:45:57', '2024-03-12 19:17:38', 1, 1);
INSERT INTO `sys_user` VALUES (695, '1T7QdzkHFl', '75530376995', 'http://dummyimage.com/100x100', 'Alan Collins', '2024-06-10 03:51:29', '2024-03-30 16:00:27', 1, 1);
INSERT INTO `sys_user` VALUES (696, 'xwHvfc3Trq', '2001195299', 'http://dummyimage.com/100x100', 'Shannon Guzman', '2024-09-24 22:25:35', '2023-03-10 14:48:43', 1, 1);
INSERT INTO `sys_user` VALUES (697, 'RmjZQQwnE7', '15162942659', 'http://dummyimage.com/100x100', 'Philip Hunt', '2023-06-13 10:42:17', '2024-01-09 00:20:56', 1, 1);
INSERT INTO `sys_user` VALUES (698, 'b4gfFmZOtg', '15907803814', 'http://dummyimage.com/100x100', '金云熙', '2024-04-26 19:58:39', '2024-04-22 11:08:12', 0, 1);
INSERT INTO `sys_user` VALUES (699, 'ASexcCqnNt', '75545987698', 'http://dummyimage.com/100x100', 'Janet Ruiz', '2023-07-03 16:55:51', '2024-09-30 13:30:37', 0, 0);
INSERT INTO `sys_user` VALUES (700, 'Zbj32OGHUg', '14904644211', 'http://dummyimage.com/100x100', 'Alfred Jenkins', '2024-03-18 06:01:52', '2023-06-28 09:40:06', 0, 1);
INSERT INTO `sys_user` VALUES (701, 'qhxbjsde8w', '201661655', 'http://dummyimage.com/100x100', '徐璐', '2023-04-28 05:08:38', '2024-08-15 03:57:55', 0, 0);
INSERT INTO `sys_user` VALUES (702, 'lTsUyqBztY', '2029893764', 'http://dummyimage.com/100x100', 'Jack Jenkins', '2024-09-01 14:33:21', '2024-03-04 12:28:42', 0, 1);
INSERT INTO `sys_user` VALUES (703, 'H8OggMxD6A', '13596518009', 'http://dummyimage.com/100x100', '蒋晓明', '2023-11-17 22:35:23', '2023-04-26 16:46:04', 0, 0);
INSERT INTO `sys_user` VALUES (704, 'SdEKQToauu', '13079724452', 'http://dummyimage.com/100x100', '彭璐', '2023-12-15 14:23:34', '2024-01-03 23:23:04', 0, 0);
INSERT INTO `sys_user` VALUES (705, 'bvKOyeBnJS', '14664524202', 'http://dummyimage.com/100x100', 'George Lewis', '2024-02-02 12:33:10', '2024-08-24 19:44:56', 0, 1);
INSERT INTO `sys_user` VALUES (706, 'oEeqY7ggoq', '280394951', 'http://dummyimage.com/100x100', 'Anthony Morris', '2024-01-03 16:50:54', '2023-03-12 10:52:56', 0, 0);
INSERT INTO `sys_user` VALUES (707, 'v8TbcRjc3r', '7606344435', 'http://dummyimage.com/100x100', '严晓明', '2024-02-21 15:03:19', '2023-03-26 13:45:59', 0, 1);
INSERT INTO `sys_user` VALUES (708, '8yrQaFSF1j', '17802736507', 'http://dummyimage.com/100x100', 'Howard Perry', '2023-08-18 12:53:00', '2024-01-31 22:05:57', 1, 1);
INSERT INTO `sys_user` VALUES (709, '3VeuJP8Yka', '7554755017', 'http://dummyimage.com/100x100', 'Ethel Medina', '2023-12-21 10:56:10', '2024-04-04 03:37:30', 1, 1);
INSERT INTO `sys_user` VALUES (710, 'Omvs2t8D39', '2074507093', 'http://dummyimage.com/100x100', 'Allen Myers', '2023-03-10 19:56:39', '2023-05-20 21:21:11', 0, 0);
INSERT INTO `sys_user` VALUES (711, 'YXkWl1umQ4', '17817206623', 'http://dummyimage.com/100x100', '姜杰宏', '2023-03-07 06:50:19', '2024-08-27 21:24:19', 0, 1);
INSERT INTO `sys_user` VALUES (712, 'SjqCBrJsM6', '7555425162', 'http://dummyimage.com/100x100', '武致远', '2024-03-01 07:32:26', '2024-03-07 10:44:32', 0, 0);
INSERT INTO `sys_user` VALUES (713, 'v982at8uFo', '75537561581', 'http://dummyimage.com/100x100', '丁嘉伦', '2023-12-16 07:49:35', '2024-10-05 05:28:07', 0, 0);
INSERT INTO `sys_user` VALUES (714, 'U7oP58SMU4', '2080800457', 'http://dummyimage.com/100x100', 'Jacqueline Mitchell', '2023-05-23 22:28:25', '2023-01-27 19:11:44', 1, 0);
INSERT INTO `sys_user` VALUES (715, '5vbZT2Kyo5', '2169699676', 'http://dummyimage.com/100x100', 'Lillian Snyder', '2024-05-07 19:04:57', '2023-04-08 19:34:33', 0, 0);
INSERT INTO `sys_user` VALUES (716, 'fYy2S2RsiK', '215793104', 'http://dummyimage.com/100x100', 'Joel Anderson', '2024-08-02 11:12:19', '2023-01-23 22:08:25', 0, 1);
INSERT INTO `sys_user` VALUES (717, 'FwVpavh5ym', '13380970672', 'http://dummyimage.com/100x100', '杜震南', '2023-01-22 11:06:56', '2023-09-28 03:41:28', 1, 0);
INSERT INTO `sys_user` VALUES (718, 'Y8oF2K6B5D', '14947640699', 'http://dummyimage.com/100x100', 'Lisa Garza', '2024-07-24 21:06:28', '2023-05-12 09:10:53', 1, 0);
INSERT INTO `sys_user` VALUES (719, 'IoBi5ygagJ', '18384679331', 'http://dummyimage.com/100x100', '郝璐', '2023-02-07 12:30:51', '2023-03-12 00:43:22', 1, 0);
INSERT INTO `sys_user` VALUES (720, 'VQoc189SPk', '212306110', 'http://dummyimage.com/100x100', '邓子异', '2023-07-08 06:13:24', '2024-05-03 20:14:31', 0, 0);
INSERT INTO `sys_user` VALUES (721, 'bxQ9c6h7n7', '7552853113', 'http://dummyimage.com/100x100', 'Antonio Hall', '2024-10-13 10:48:58', '2024-07-04 19:12:25', 0, 0);
INSERT INTO `sys_user` VALUES (722, '3uB6mhBZuf', '13026066050', 'http://dummyimage.com/100x100', 'David Smith', '2023-09-02 21:49:31', '2023-09-30 10:23:43', 0, 1);
INSERT INTO `sys_user` VALUES (723, 'O0iqmESvFV', '16825821567', 'http://dummyimage.com/100x100', '汪致远', '2023-04-22 04:20:25', '2024-05-31 14:29:24', 1, 1);
INSERT INTO `sys_user` VALUES (724, 'eLmFcEZ9j6', '13839781245', 'http://dummyimage.com/100x100', 'Ann Webb', '2023-06-03 00:46:32', '2024-08-26 03:24:21', 1, 1);
INSERT INTO `sys_user` VALUES (725, 'FpmjsZVCMl', '2191541318', 'http://dummyimage.com/100x100', '薛詩涵', '2023-01-11 13:10:36', '2024-01-05 03:22:04', 0, 0);
INSERT INTO `sys_user` VALUES (726, 'eCsQSt9Vtl', '14329660893', 'http://dummyimage.com/100x100', 'Leroy Gutierrez', '2023-11-12 15:50:34', '2023-10-24 10:43:52', 1, 0);
INSERT INTO `sys_user` VALUES (727, 'yzGOoFgWIj', '15386138243', 'http://dummyimage.com/100x100', '袁晓明', '2024-05-13 12:42:36', '2024-07-26 20:56:23', 1, 1);
INSERT INTO `sys_user` VALUES (728, 'LMDsSh2iJR', '2190834155', 'http://dummyimage.com/100x100', 'Ralph Ward', '2024-07-21 23:57:10', '2024-03-24 18:26:24', 1, 1);
INSERT INTO `sys_user` VALUES (729, 'sS23uP3n7l', '18658199536', 'http://dummyimage.com/100x100', 'Clara Bell', '2024-03-29 12:26:08', '2024-03-01 01:20:08', 1, 1);
INSERT INTO `sys_user` VALUES (730, 'ac4tl9Xrv0', '15722546164', 'http://dummyimage.com/100x100', 'Maria Morales', '2023-11-13 11:18:13', '2023-04-24 08:18:59', 0, 0);
INSERT INTO `sys_user` VALUES (731, '2Be8S5Khvu', '75574612462', 'http://dummyimage.com/100x100', 'Rose Stephens', '2023-08-02 03:16:50', '2023-12-05 10:39:43', 0, 1);
INSERT INTO `sys_user` VALUES (732, 'MNPneeZc6j', '17321522121', 'http://dummyimage.com/100x100', 'Virginia Vasquez', '2024-04-14 02:22:29', '2023-05-28 18:41:18', 0, 1);
INSERT INTO `sys_user` VALUES (733, '8q5dZvSp0v', '19981964964', 'http://dummyimage.com/100x100', '谭詩涵', '2023-10-14 03:21:00', '2024-08-21 15:43:53', 1, 0);
INSERT INTO `sys_user` VALUES (734, 'hxEqPDxL1h', '16079804448', 'http://dummyimage.com/100x100', 'Harold Bryant', '2023-01-31 21:45:43', '2023-05-28 12:14:53', 0, 1);
INSERT INTO `sys_user` VALUES (735, 'DoJMD184nG', '2132721523', 'http://dummyimage.com/100x100', 'Debra Clark', '2024-04-26 13:16:24', '2024-08-19 03:23:52', 0, 1);
INSERT INTO `sys_user` VALUES (736, 'slHjaM4rbz', '281082641', 'http://dummyimage.com/100x100', 'Joel Patterson', '2024-08-02 15:52:57', '2023-07-06 08:17:50', 0, 0);
INSERT INTO `sys_user` VALUES (737, 'isXl8TnDcd', '19293085905', 'http://dummyimage.com/100x100', 'Dawn Webb', '2023-07-20 02:17:53', '2023-05-18 22:51:47', 1, 0);
INSERT INTO `sys_user` VALUES (738, 'vrysA7ibz2', '216381468', 'http://dummyimage.com/100x100', 'Denise Fisher', '2023-12-08 06:31:33', '2024-01-03 16:50:34', 1, 0);
INSERT INTO `sys_user` VALUES (739, 'JzFzOu6dvG', '76051191890', 'http://dummyimage.com/100x100', '马璐', '2024-01-08 01:55:47', '2023-06-18 00:06:27', 1, 0);
INSERT INTO `sys_user` VALUES (740, 'aUy1EQgHAE', '15319947521', 'http://dummyimage.com/100x100', '莫嘉伦', '2024-05-30 13:32:02', '2023-04-12 19:00:14', 1, 0);
INSERT INTO `sys_user` VALUES (741, 'A2WYJwP0nw', '289728965', 'http://dummyimage.com/100x100', '程睿', '2024-06-24 05:06:02', '2023-06-09 03:22:02', 1, 1);
INSERT INTO `sys_user` VALUES (742, 'ydIiyYZGub', '2806812953', 'http://dummyimage.com/100x100', '马致远', '2024-02-26 13:01:45', '2023-08-14 00:56:27', 1, 1);
INSERT INTO `sys_user` VALUES (743, '3xDHCkAgxU', '17071041705', 'http://dummyimage.com/100x100', '沈秀英', '2023-08-09 03:14:40', '2023-10-29 21:28:10', 1, 0);
INSERT INTO `sys_user` VALUES (744, 'PtkJzgSFOf', '284954669', 'http://dummyimage.com/100x100', '史璐', '2024-04-03 03:33:25', '2024-08-12 19:03:25', 0, 1);
INSERT INTO `sys_user` VALUES (745, 'ZiU4upsPb8', '16627019002', 'http://dummyimage.com/100x100', 'Denise Jackson', '2023-05-13 12:46:32', '2023-05-16 06:51:03', 0, 1);
INSERT INTO `sys_user` VALUES (746, 'Ll5SYkzFTq', '18466154898', 'http://dummyimage.com/100x100', '叶詩涵', '2023-02-26 02:58:33', '2023-09-11 10:33:32', 1, 1);
INSERT INTO `sys_user` VALUES (747, 'WbZXVLobwz', '104992306', 'http://dummyimage.com/100x100', 'Phillip Hunter', '2023-09-16 03:34:49', '2023-05-05 04:10:44', 1, 1);
INSERT INTO `sys_user` VALUES (748, '2Ow7PjRzIt', '204236539', 'http://dummyimage.com/100x100', 'Norma Gutierrez', '2023-07-19 08:10:53', '2023-01-25 16:10:07', 1, 0);
INSERT INTO `sys_user` VALUES (749, 'dbBWq4w2AP', '75586932546', 'http://dummyimage.com/100x100', 'Bruce Barnes', '2023-10-14 09:06:10', '2023-09-20 00:22:31', 0, 1);
INSERT INTO `sys_user` VALUES (750, 'Yni7SsXpOQ', '2020253618', 'http://dummyimage.com/100x100', '常震南', '2023-01-12 02:02:53', '2023-01-20 15:06:07', 1, 1);
INSERT INTO `sys_user` VALUES (751, 'Ki27uTdxiM', '19966505595', 'http://dummyimage.com/100x100', 'Mario Murphy', '2023-09-22 19:07:07', '2023-02-23 20:35:10', 1, 0);
INSERT INTO `sys_user` VALUES (752, 'FNH9kq0xzJ', '1065017749', 'http://dummyimage.com/100x100', '尹震南', '2024-02-16 16:10:02', '2023-04-18 06:47:28', 0, 1);
INSERT INTO `sys_user` VALUES (753, 'fGonGaQ7dr', '18632789937', 'http://dummyimage.com/100x100', '邵睿', '2023-02-11 16:01:42', '2023-05-05 11:27:32', 0, 1);
INSERT INTO `sys_user` VALUES (754, 'n65G6B3kjk', '13457252998', 'http://dummyimage.com/100x100', 'Stanley Price', '2023-06-24 12:47:52', '2023-07-25 20:14:07', 1, 0);
INSERT INTO `sys_user` VALUES (755, 'vMlhE3bkYr', '205641880', 'http://dummyimage.com/100x100', 'Rachel Wells', '2024-04-06 03:11:42', '2023-12-05 11:49:08', 0, 0);
INSERT INTO `sys_user` VALUES (756, 'huO3d72xXl', '2099971445', 'http://dummyimage.com/100x100', 'Joseph Griffin', '2023-10-08 11:15:22', '2023-05-31 14:46:15', 1, 0);
INSERT INTO `sys_user` VALUES (757, 'iIJQ7WQUMI', '18152535604', 'http://dummyimage.com/100x100', 'Julie Graham', '2023-11-24 15:21:21', '2023-08-16 23:51:46', 0, 0);
INSERT INTO `sys_user` VALUES (758, 'kjNV6eF21t', '19564201247', 'http://dummyimage.com/100x100', '郝岚', '2023-05-18 15:58:50', '2024-03-07 06:17:02', 1, 1);
INSERT INTO `sys_user` VALUES (759, 'srTkL4Trk9', '13836141637', 'http://dummyimage.com/100x100', '黎安琪', '2023-07-20 07:08:38', '2023-07-17 16:20:57', 1, 0);
INSERT INTO `sys_user` VALUES (760, 'nCMIBc4Cyr', '17975200308', 'http://dummyimage.com/100x100', 'Wayne Rodriguez', '2023-09-17 09:21:38', '2024-09-28 08:27:07', 1, 1);
INSERT INTO `sys_user` VALUES (761, 'qGSdgHSWmr', '109741765', 'http://dummyimage.com/100x100', '邓致远', '2023-07-21 09:33:27', '2023-09-17 20:56:08', 0, 0);
INSERT INTO `sys_user` VALUES (762, 'vuNLciGzRQ', '19380943627', 'http://dummyimage.com/100x100', 'Rodney Chavez', '2023-07-08 16:13:05', '2024-03-29 04:48:11', 0, 0);
INSERT INTO `sys_user` VALUES (763, 'Gf5CQtr1oQ', '16494393029', 'http://dummyimage.com/100x100', '邹宇宁', '2024-09-15 09:28:12', '2024-05-23 12:32:22', 0, 1);
INSERT INTO `sys_user` VALUES (764, 'P9GZvZ46RU', '289067237', 'http://dummyimage.com/100x100', 'Jerry Brooks', '2023-01-14 17:50:36', '2024-03-16 22:44:36', 1, 1);
INSERT INTO `sys_user` VALUES (765, 'Goi3bp4PFy', '18011201093', 'http://dummyimage.com/100x100', 'Mario Gardner', '2023-06-30 02:39:52', '2023-03-02 12:10:04', 0, 0);
INSERT INTO `sys_user` VALUES (766, 'gELfgD6oeV', '75584082549', 'http://dummyimage.com/100x100', '萧詩涵', '2024-09-09 18:50:06', '2024-02-23 23:22:21', 0, 1);
INSERT INTO `sys_user` VALUES (767, 'eaCVvQG7x8', '13690422583', 'http://dummyimage.com/100x100', 'Craig Coleman', '2023-08-22 00:05:12', '2024-08-26 22:26:18', 1, 0);
INSERT INTO `sys_user` VALUES (768, '7II1hm7wUt', '75525611097', 'http://dummyimage.com/100x100', '江安琪', '2023-12-27 02:19:03', '2023-01-15 04:57:21', 1, 1);
INSERT INTO `sys_user` VALUES (769, 'fdvChLrJz4', '213873082', 'http://dummyimage.com/100x100', 'Gloria Nelson', '2024-01-29 22:08:48', '2024-03-03 06:21:56', 1, 0);
INSERT INTO `sys_user` VALUES (770, 'tACd56FFaN', '19266497741', 'http://dummyimage.com/100x100', '陈杰宏', '2023-10-14 13:47:56', '2024-01-29 20:34:34', 1, 0);
INSERT INTO `sys_user` VALUES (771, 'mNtz3kueMi', '7608042911', 'http://dummyimage.com/100x100', 'Annie Romero', '2024-03-07 13:25:27', '2023-07-01 09:19:13', 1, 0);
INSERT INTO `sys_user` VALUES (772, 'KokJGeLSz6', '102365268', 'http://dummyimage.com/100x100', 'Amy Meyer', '2023-02-04 23:18:47', '2024-07-18 11:11:31', 0, 0);
INSERT INTO `sys_user` VALUES (773, 'ntaao0xIzY', '14620964847', 'http://dummyimage.com/100x100', '廖秀英', '2023-02-10 07:44:02', '2023-01-01 06:13:40', 1, 0);
INSERT INTO `sys_user` VALUES (774, '6iRP92TcPB', '76931969554', 'http://dummyimage.com/100x100', '余璐', '2024-04-09 04:20:47', '2024-03-19 18:48:53', 1, 0);
INSERT INTO `sys_user` VALUES (775, '3BhtX3fUIk', '17620986127', 'http://dummyimage.com/100x100', '郭子韬', '2024-09-05 09:08:02', '2023-09-29 21:20:18', 1, 1);
INSERT INTO `sys_user` VALUES (776, 'SOnbeMr0i4', '15445633606', 'http://dummyimage.com/100x100', 'Clarence Aguilar', '2023-01-21 09:45:56', '2023-12-04 05:26:33', 1, 0);
INSERT INTO `sys_user` VALUES (777, 'QNCAzrmY4s', '19069845774', 'http://dummyimage.com/100x100', '向睿', '2024-06-11 22:50:40', '2024-05-30 17:58:11', 1, 0);
INSERT INTO `sys_user` VALUES (778, '15KwIx1wTX', '204599885', 'http://dummyimage.com/100x100', '夏安琪', '2024-04-29 09:20:36', '2023-06-10 11:10:19', 0, 1);
INSERT INTO `sys_user` VALUES (779, 'B8J2WcfQTn', '2075719834', 'http://dummyimage.com/100x100', '韦杰宏', '2023-12-04 03:32:48', '2023-03-28 16:24:10', 1, 1);
INSERT INTO `sys_user` VALUES (780, '5FfiVNt2hC', '16685671225', 'http://dummyimage.com/100x100', '许子韬', '2024-01-11 05:22:26', '2023-11-06 03:30:58', 1, 1);
INSERT INTO `sys_user` VALUES (781, 'oKFOjTTeeL', '13348404774', 'http://dummyimage.com/100x100', 'Beverly Sanders', '2023-06-26 18:06:47', '2023-01-21 10:48:43', 0, 0);
INSERT INTO `sys_user` VALUES (782, 'Vunw1gCyP6', '17605592437', 'http://dummyimage.com/100x100', '萧詩涵', '2024-09-30 00:25:45', '2023-02-21 23:24:25', 1, 0);
INSERT INTO `sys_user` VALUES (783, 'QYq8bi4a8i', '213560662', 'http://dummyimage.com/100x100', '苏璐', '2023-07-18 20:45:46', '2023-01-12 07:54:36', 1, 1);
INSERT INTO `sys_user` VALUES (784, '27Tp0M3Rg2', '280422705', 'http://dummyimage.com/100x100', 'Antonio Gomez', '2023-01-22 03:01:35', '2024-05-08 15:27:13', 0, 0);
INSERT INTO `sys_user` VALUES (785, 'zpunFO9CGr', '1091914807', 'http://dummyimage.com/100x100', '邱晓明', '2024-01-19 00:09:19', '2023-08-15 09:54:00', 1, 1);
INSERT INTO `sys_user` VALUES (786, 'eRVQ0txKek', '17527504775', 'http://dummyimage.com/100x100', 'Benjamin Wilson', '2023-02-05 09:42:25', '2023-09-24 01:13:26', 0, 1);
INSERT INTO `sys_user` VALUES (787, '5WOn31SZv3', '2088419718', 'http://dummyimage.com/100x100', 'Pamela Wright', '2024-10-16 08:50:50', '2023-09-09 17:59:51', 1, 0);
INSERT INTO `sys_user` VALUES (788, '4loGQ5v0gj', '18238504143', 'http://dummyimage.com/100x100', 'Danny Hawkins', '2023-06-06 09:45:31', '2023-06-03 01:21:19', 1, 1);
INSERT INTO `sys_user` VALUES (789, 'BNc4n6B3xz', '15746019083', 'http://dummyimage.com/100x100', 'Jonathan Perez', '2023-02-26 00:25:43', '2023-06-27 20:29:12', 1, 1);
INSERT INTO `sys_user` VALUES (790, 'yAYrUR4HNh', '15948653774', 'http://dummyimage.com/100x100', '方杰宏', '2024-08-27 20:36:52', '2023-08-01 12:38:45', 1, 0);
INSERT INTO `sys_user` VALUES (791, 'z4mFRhixZF', '101206079', 'http://dummyimage.com/100x100', 'Jacqueline Ross', '2024-06-29 19:22:02', '2024-05-28 17:32:04', 0, 1);
INSERT INTO `sys_user` VALUES (792, 'xkvUrbnDAO', '16216565180', 'http://dummyimage.com/100x100', '郭秀英', '2024-04-11 21:37:05', '2024-08-23 23:35:18', 1, 0);
INSERT INTO `sys_user` VALUES (793, 'uxcvt1cApf', '7552832352', 'http://dummyimage.com/100x100', 'Donald Stephens', '2023-03-18 20:32:35', '2024-08-24 02:40:19', 1, 0);
INSERT INTO `sys_user` VALUES (794, '0oFMvBtXrp', '17754449929', 'http://dummyimage.com/100x100', 'Frederick Foster', '2023-12-22 03:53:18', '2024-01-26 22:15:55', 1, 0);
INSERT INTO `sys_user` VALUES (795, 'SsdWuaFUsL', '15087549087', 'http://dummyimage.com/100x100', 'Norma Reynolds', '2023-01-30 03:50:34', '2023-01-09 16:37:56', 1, 0);
INSERT INTO `sys_user` VALUES (796, 'RhTC2mGShp', '16925508584', 'http://dummyimage.com/100x100', '刘睿', '2024-01-28 07:26:13', '2024-02-13 07:32:15', 0, 0);
INSERT INTO `sys_user` VALUES (797, 'WgukF6bv2u', '213077773', 'http://dummyimage.com/100x100', '邱睿', '2024-08-10 16:35:03', '2024-06-28 03:34:21', 1, 1);
INSERT INTO `sys_user` VALUES (798, 'yI0iLZtCjP', '202704638', 'http://dummyimage.com/100x100', 'Dawn Munoz', '2023-04-12 13:14:43', '2024-08-05 09:08:46', 0, 0);
INSERT INTO `sys_user` VALUES (799, 'TpiiwTBcYd', '14355968836', 'http://dummyimage.com/100x100', '韦璐', '2024-06-09 01:29:03', '2023-01-22 02:22:33', 1, 1);
INSERT INTO `sys_user` VALUES (800, 'shO0cuHakV', '282858154', 'http://dummyimage.com/100x100', 'Alice Schmidt', '2023-03-19 05:56:06', '2024-05-29 12:01:48', 0, 1);
INSERT INTO `sys_user` VALUES (801, 'ne9v5Li7cP', '17102149164', 'http://dummyimage.com/100x100', '何詩涵', '2023-10-29 16:02:39', '2023-08-19 02:29:18', 0, 0);
INSERT INTO `sys_user` VALUES (802, 'IfIfQmTlyL', '281241012', 'http://dummyimage.com/100x100', 'Gerald Fisher', '2023-01-16 21:27:00', '2024-09-06 18:58:59', 1, 0);
INSERT INTO `sys_user` VALUES (803, 'h2kJetLFRz', '13982221384', 'http://dummyimage.com/100x100', 'Walter Ward', '2023-08-24 07:36:57', '2023-03-14 22:56:41', 1, 0);
INSERT INTO `sys_user` VALUES (804, '1iYQHeTImE', '76966862558', 'http://dummyimage.com/100x100', 'Peter Dixon', '2023-05-06 13:59:22', '2024-07-17 03:27:45', 1, 1);
INSERT INTO `sys_user` VALUES (805, 'S8Q6bmNsmn', '209022244', 'http://dummyimage.com/100x100', 'Thelma Wells', '2023-01-30 07:33:48', '2024-05-01 09:42:49', 0, 1);
INSERT INTO `sys_user` VALUES (806, 'r4efo9qe72', '2044610280', 'http://dummyimage.com/100x100', 'Michael Vasquez', '2023-01-19 19:22:40', '2024-06-24 09:30:54', 0, 0);
INSERT INTO `sys_user` VALUES (807, 'JFp1WruoEk', '1033555880', 'http://dummyimage.com/100x100', 'Michelle Henderson', '2024-09-25 02:31:17', '2024-02-01 02:47:35', 0, 1);
INSERT INTO `sys_user` VALUES (808, 'zVmMqS6luT', '2882279065', 'http://dummyimage.com/100x100', '于岚', '2024-04-29 23:14:49', '2023-01-25 08:00:33', 0, 0);
INSERT INTO `sys_user` VALUES (809, 'gqoW31EIOu', '14783178657', 'http://dummyimage.com/100x100', '邓安琪', '2024-03-11 19:16:08', '2024-01-04 09:59:39', 0, 0);
INSERT INTO `sys_user` VALUES (810, '3UVCtgjA7j', '76059097690', 'http://dummyimage.com/100x100', '龚岚', '2023-09-16 14:00:10', '2024-03-02 04:52:25', 1, 1);
INSERT INTO `sys_user` VALUES (811, 'dLvQA9RLKv', '103115488', 'http://dummyimage.com/100x100', '常子异', '2024-02-08 01:01:55', '2024-08-14 03:07:18', 1, 1);
INSERT INTO `sys_user` VALUES (812, 'ZweZuYkaHL', '15620788815', 'http://dummyimage.com/100x100', 'Rita Johnson', '2024-07-13 18:51:32', '2023-01-27 19:35:40', 0, 1);
INSERT INTO `sys_user` VALUES (813, 'jxp4DwsdfD', '2003006999', 'http://dummyimage.com/100x100', '袁安琪', '2024-01-07 03:14:13', '2023-09-08 01:37:21', 0, 0);
INSERT INTO `sys_user` VALUES (814, 'uJbnFxk48n', '76979592002', 'http://dummyimage.com/100x100', '王岚', '2023-02-25 14:19:01', '2023-12-05 10:58:20', 1, 0);
INSERT INTO `sys_user` VALUES (815, 'sjUzGZDdEM', '2144497999', 'http://dummyimage.com/100x100', 'Lillian Thompson', '2023-05-15 11:25:54', '2023-07-25 06:16:32', 0, 1);
INSERT INTO `sys_user` VALUES (816, '5O2PBsqTDc', '17738542601', 'http://dummyimage.com/100x100', '邹致远', '2024-07-03 15:53:28', '2024-08-02 07:12:24', 1, 1);
INSERT INTO `sys_user` VALUES (817, 'og2mlgo0rN', '17687015927', 'http://dummyimage.com/100x100', '陶杰宏', '2023-05-04 23:26:33', '2024-03-11 07:54:33', 0, 0);
INSERT INTO `sys_user` VALUES (818, 'A4WuCp3l97', '218712247', 'http://dummyimage.com/100x100', '陆子异', '2024-10-19 12:10:59', '2023-08-15 04:42:16', 0, 1);
INSERT INTO `sys_user` VALUES (819, 'FlVG9gC04p', '19771622803', 'http://dummyimage.com/100x100', 'Margaret Tucker', '2024-01-14 16:32:57', '2023-09-20 13:44:32', 1, 0);
INSERT INTO `sys_user` VALUES (820, 'h5U3vvW2Us', '15875260933', 'http://dummyimage.com/100x100', '蔡宇宁', '2023-08-24 13:20:04', '2024-05-09 23:44:58', 1, 0);
INSERT INTO `sys_user` VALUES (821, 'LgU9DyrgR0', '18728428660', 'http://dummyimage.com/100x100', '邓安琪', '2023-10-03 14:46:44', '2023-04-05 10:21:20', 1, 1);
INSERT INTO `sys_user` VALUES (822, 'GJGgl4iRGs', '75557373951', 'http://dummyimage.com/100x100', '赵岚', '2023-08-13 19:03:20', '2023-10-17 07:19:46', 0, 0);
INSERT INTO `sys_user` VALUES (823, 'e8a62KI2O6', '100254274', 'http://dummyimage.com/100x100', 'Marilyn Scott', '2023-03-04 23:04:27', '2024-09-28 15:57:40', 0, 1);
INSERT INTO `sys_user` VALUES (824, 'TLeUBvhZHd', '76024451050', 'http://dummyimage.com/100x100', 'Terry Allen', '2023-05-09 00:50:49', '2024-01-23 06:45:21', 0, 1);
INSERT INTO `sys_user` VALUES (825, 'gA51CLr3wp', '7553250924', 'http://dummyimage.com/100x100', 'Robert Mcdonald', '2024-08-30 04:44:46', '2023-05-21 00:44:02', 0, 0);
INSERT INTO `sys_user` VALUES (826, '8Igyk7mnVI', '2878040609', 'http://dummyimage.com/100x100', '尹晓明', '2023-05-18 02:54:19', '2023-01-20 17:24:49', 0, 1);
INSERT INTO `sys_user` VALUES (827, 'CkGDEazQWB', '18040243107', 'http://dummyimage.com/100x100', '常震南', '2023-02-26 18:47:27', '2023-05-21 16:46:25', 0, 1);
INSERT INTO `sys_user` VALUES (828, 'h3uGMD7EkW', '7550570892', 'http://dummyimage.com/100x100', '韦宇宁', '2023-11-16 15:30:17', '2024-01-09 09:51:01', 0, 0);
INSERT INTO `sys_user` VALUES (829, 'gypGUwRaJz', '17003619916', 'http://dummyimage.com/100x100', '王嘉伦', '2023-05-20 16:58:06', '2024-09-27 10:36:14', 1, 0);
INSERT INTO `sys_user` VALUES (830, '0lllQoUqtJ', '15828330443', 'http://dummyimage.com/100x100', 'Valerie Hamilton', '2023-04-07 03:53:57', '2024-03-18 11:41:08', 0, 0);
INSERT INTO `sys_user` VALUES (831, 'oiPpnI7Uih', '18934821053', 'http://dummyimage.com/100x100', 'Gladys Robertson', '2024-09-14 08:38:47', '2023-07-21 05:45:58', 1, 1);
INSERT INTO `sys_user` VALUES (832, 'nvBzGPpBqb', '19726956082', 'http://dummyimage.com/100x100', '徐岚', '2024-08-04 07:24:29', '2023-06-20 05:15:39', 0, 1);
INSERT INTO `sys_user` VALUES (833, 'JpM5CttNwn', '2002872334', 'http://dummyimage.com/100x100', '杨晓明', '2024-03-24 22:24:50', '2023-01-10 20:17:41', 1, 0);
INSERT INTO `sys_user` VALUES (834, 'mFb1VADq6b', '18379739584', 'http://dummyimage.com/100x100', '潘致远', '2023-11-04 07:27:33', '2024-02-29 21:30:46', 0, 0);
INSERT INTO `sys_user` VALUES (835, 'uzOqRWFltY', '17026835933', 'http://dummyimage.com/100x100', 'Thelma Anderson', '2023-07-21 15:07:24', '2023-04-13 05:38:39', 0, 0);
INSERT INTO `sys_user` VALUES (836, 'NE6BoE0qpV', '76087536806', 'http://dummyimage.com/100x100', '曾安琪', '2023-10-29 20:43:15', '2023-06-30 20:32:53', 1, 0);
INSERT INTO `sys_user` VALUES (837, 'DxqamNh2qF', '18015736290', 'http://dummyimage.com/100x100', '罗致远', '2024-06-12 06:09:26', '2024-07-20 06:15:44', 1, 1);
INSERT INTO `sys_user` VALUES (838, 'QX8gS7SJzX', '7604175762', 'http://dummyimage.com/100x100', '黄致远', '2024-02-23 10:35:03', '2024-06-08 12:39:17', 1, 1);
INSERT INTO `sys_user` VALUES (839, 'mKHjhx3ubP', '19906309557', 'http://dummyimage.com/100x100', '范晓明', '2024-09-24 18:41:14', '2024-07-05 04:09:17', 0, 0);
INSERT INTO `sys_user` VALUES (840, 'aD3UfaQnMu', '288504241', 'http://dummyimage.com/100x100', '高震南', '2023-11-09 08:00:32', '2024-03-14 09:02:33', 0, 1);
INSERT INTO `sys_user` VALUES (841, 'HWTPBp4yh1', '7691585608', 'http://dummyimage.com/100x100', 'Mark Reyes', '2024-04-27 18:04:51', '2023-09-30 16:53:34', 1, 1);
INSERT INTO `sys_user` VALUES (842, '8Q3N47ataw', '7606105003', 'http://dummyimage.com/100x100', 'Joshua Simpson', '2024-01-12 10:19:13', '2023-03-06 22:40:47', 1, 1);
INSERT INTO `sys_user` VALUES (843, 'dMzZVCl7Qx', '13145085411', 'http://dummyimage.com/100x100', '孟杰宏', '2024-04-14 00:43:14', '2023-10-25 01:04:00', 0, 1);
INSERT INTO `sys_user` VALUES (844, '1J0AdpIPKo', '2179630160', 'http://dummyimage.com/100x100', 'Beverly Bennett', '2023-12-11 18:02:31', '2023-03-10 14:29:08', 0, 1);
INSERT INTO `sys_user` VALUES (845, 'IgOQvwK93J', '18647737532', 'http://dummyimage.com/100x100', 'Walter Davis', '2024-09-16 15:59:58', '2023-02-26 01:40:30', 1, 0);
INSERT INTO `sys_user` VALUES (846, 'YTHdsPkl9Q', '76094243657', 'http://dummyimage.com/100x100', '薛岚', '2024-08-16 18:59:47', '2023-10-21 12:46:47', 0, 0);
INSERT INTO `sys_user` VALUES (847, 'vF7tnpdhBK', '201931588', 'http://dummyimage.com/100x100', '阎子韬', '2023-04-20 00:06:58', '2023-01-04 04:19:36', 1, 1);
INSERT INTO `sys_user` VALUES (848, 'U5gwjdPwFZ', '16504869913', 'http://dummyimage.com/100x100', '谭秀英', '2024-07-23 05:25:28', '2024-05-08 20:24:05', 0, 0);
INSERT INTO `sys_user` VALUES (849, 'EfhO37SlMW', '17065952119', 'http://dummyimage.com/100x100', 'Wendy Long', '2024-10-01 06:52:32', '2024-07-07 18:34:44', 0, 0);
INSERT INTO `sys_user` VALUES (850, 'xMWRnE4nqe', '16220812409', 'http://dummyimage.com/100x100', 'Marie Harrison', '2023-09-07 22:42:43', '2023-03-06 16:34:48', 0, 1);
INSERT INTO `sys_user` VALUES (851, 'XWgZ6B5Hpv', '7695898618', 'http://dummyimage.com/100x100', '胡致远', '2023-10-22 06:23:52', '2023-06-03 21:15:05', 1, 1);
INSERT INTO `sys_user` VALUES (852, 'MmbO9vd6dD', '2147127226', 'http://dummyimage.com/100x100', 'Cynthia Evans', '2023-06-26 08:11:49', '2023-05-21 02:54:59', 1, 1);
INSERT INTO `sys_user` VALUES (853, 'qDRWCqpfy3', '210686687', 'http://dummyimage.com/100x100', '杜安琪', '2023-03-13 19:11:22', '2024-10-11 17:15:15', 1, 1);
INSERT INTO `sys_user` VALUES (854, 'DVbDwtD0NJ', '18738367305', 'http://dummyimage.com/100x100', 'Danielle Rice', '2023-01-25 00:46:03', '2023-10-29 06:23:35', 1, 0);
INSERT INTO `sys_user` VALUES (855, 'xFygIa0OHd', '14782608685', 'http://dummyimage.com/100x100', '罗子韬', '2023-10-31 17:15:50', '2023-03-08 19:21:29', 0, 0);
INSERT INTO `sys_user` VALUES (856, 'r7T5Pq5m1Q', '7554261192', 'http://dummyimage.com/100x100', '刘秀英', '2024-02-21 22:12:50', '2024-07-25 19:20:08', 0, 0);
INSERT INTO `sys_user` VALUES (857, 'GU7UvTk5y3', '18086168850', 'http://dummyimage.com/100x100', '姜子异', '2023-04-27 11:04:21', '2024-07-09 02:49:14', 1, 0);
INSERT INTO `sys_user` VALUES (858, 'wYkM9ZCVpH', '1091068277', 'http://dummyimage.com/100x100', '韦安琪', '2023-08-23 19:29:54', '2023-03-05 19:15:18', 0, 0);
INSERT INTO `sys_user` VALUES (859, 'eN1hopDLN6', '19600567555', 'http://dummyimage.com/100x100', 'Benjamin Shaw', '2023-10-30 04:36:13', '2023-12-23 00:32:52', 0, 0);
INSERT INTO `sys_user` VALUES (860, 'zeyEKkp4Sn', '17924974941', 'http://dummyimage.com/100x100', 'Marie Reyes', '2023-07-24 22:43:31', '2023-12-28 12:14:48', 0, 1);
INSERT INTO `sys_user` VALUES (861, 'IrW6pKbkdJ', '109208409', 'http://dummyimage.com/100x100', '侯致远', '2023-11-04 13:14:55', '2023-08-08 00:39:46', 1, 0);
INSERT INTO `sys_user` VALUES (862, '9NNEOHOOAC', '15869106513', 'http://dummyimage.com/100x100', '高岚', '2023-04-12 15:59:29', '2024-03-11 21:42:48', 0, 0);
INSERT INTO `sys_user` VALUES (863, 'D4f882EnoF', '14667172944', 'http://dummyimage.com/100x100', 'Amy Snyder', '2023-08-27 12:13:48', '2023-04-20 21:22:39', 1, 0);
INSERT INTO `sys_user` VALUES (864, 'WJQ3OmACqm', '16232426646', 'http://dummyimage.com/100x100', '薛岚', '2024-05-02 21:11:00', '2024-06-04 07:14:37', 1, 1);
INSERT INTO `sys_user` VALUES (865, 'Lc7mW2i2So', '18740171430', 'http://dummyimage.com/100x100', 'Charles Brooks', '2023-11-14 11:00:38', '2023-06-22 03:21:12', 0, 1);
INSERT INTO `sys_user` VALUES (866, '9pAIB2b6Be', '19884102093', 'http://dummyimage.com/100x100', '高震南', '2023-11-14 18:11:59', '2024-05-29 10:19:43', 0, 1);
INSERT INTO `sys_user` VALUES (867, 'U342XdREEY', '7608060627', 'http://dummyimage.com/100x100', 'Marcus Ramos', '2023-04-30 08:49:57', '2024-05-12 22:16:25', 0, 1);
INSERT INTO `sys_user` VALUES (868, 'UcQCpsBUAW', '7696949681', 'http://dummyimage.com/100x100', '邱致远', '2023-05-03 11:05:16', '2024-02-09 10:21:38', 1, 0);
INSERT INTO `sys_user` VALUES (869, '4whiZBYvXS', '17509522749', 'http://dummyimage.com/100x100', '苏秀英', '2023-02-03 07:19:56', '2023-01-09 21:59:51', 0, 0);
INSERT INTO `sys_user` VALUES (870, 'udkQLUtlMb', '19133962893', 'http://dummyimage.com/100x100', 'Julia Reynolds', '2023-06-29 23:37:02', '2023-05-21 01:55:20', 0, 1);
INSERT INTO `sys_user` VALUES (871, 'KjMU1n77Ko', '13012001743', 'http://dummyimage.com/100x100', 'Evelyn Rogers', '2024-08-30 13:53:55', '2023-07-06 06:51:39', 0, 0);
INSERT INTO `sys_user` VALUES (872, '49REjkX8j5', '201087181', 'http://dummyimage.com/100x100', '陆詩涵', '2024-08-14 22:12:01', '2023-09-15 08:53:05', 1, 0);
INSERT INTO `sys_user` VALUES (873, 'EAVY0oJrGO', '13401232653', 'http://dummyimage.com/100x100', 'Harry Cruz', '2023-02-10 23:32:15', '2024-08-20 11:53:46', 1, 1);
INSERT INTO `sys_user` VALUES (874, '2PRg3m2lbN', '17714645870', 'http://dummyimage.com/100x100', 'Donna Perez', '2023-12-27 12:58:09', '2024-08-04 12:41:33', 0, 0);
INSERT INTO `sys_user` VALUES (875, 'CO2qjUARDw', '16523450441', 'http://dummyimage.com/100x100', 'Roy Moore', '2024-08-08 02:52:44', '2024-06-22 00:17:00', 0, 0);
INSERT INTO `sys_user` VALUES (876, 'hu5CcMGJls', '16983765542', 'http://dummyimage.com/100x100', 'Andrew Torres', '2023-07-18 05:18:53', '2023-12-28 10:22:04', 1, 0);
INSERT INTO `sys_user` VALUES (877, 'Mk2s5JkYlx', '18312403178', 'http://dummyimage.com/100x100', 'Arthur Powell', '2024-10-22 19:07:42', '2023-04-25 12:03:16', 1, 1);
INSERT INTO `sys_user` VALUES (878, 'E4zlYDcATg', '18007026520', 'http://dummyimage.com/100x100', 'Tiffany Hunter', '2024-04-03 13:44:50', '2024-09-08 17:20:03', 1, 1);
INSERT INTO `sys_user` VALUES (879, 'iQjJQfSSkI', '76021485458', 'http://dummyimage.com/100x100', 'Glenn Wagner', '2023-03-21 07:54:35', '2023-02-02 06:12:40', 1, 0);
INSERT INTO `sys_user` VALUES (880, 'b6gDKrucfS', '203897651', 'http://dummyimage.com/100x100', 'Virginia Stephens', '2024-02-17 20:12:46', '2024-03-08 13:14:08', 1, 1);
INSERT INTO `sys_user` VALUES (881, 'bYUV44S0oT', '2013081029', 'http://dummyimage.com/100x100', '邹宇宁', '2024-10-05 19:15:55', '2024-02-21 22:45:36', 1, 0);
INSERT INTO `sys_user` VALUES (882, '4ejGMFeN2T', '7607093043', 'http://dummyimage.com/100x100', '崔子异', '2024-01-15 06:42:04', '2024-06-06 21:36:41', 0, 1);
INSERT INTO `sys_user` VALUES (883, 'ZKGKc5isiI', '219403251', 'http://dummyimage.com/100x100', '阎嘉伦', '2023-01-03 01:19:00', '2024-08-29 01:50:30', 1, 0);
INSERT INTO `sys_user` VALUES (884, 'MXVZ3MFH1T', '18926112330', 'http://dummyimage.com/100x100', 'Jamie Aguilar', '2023-06-22 07:15:58', '2023-10-05 23:40:51', 1, 0);
INSERT INTO `sys_user` VALUES (886, 'tzOVV5j8Sp', '218745386', 'http://dummyimage.com/100x100', 'Adam Warren', '2023-09-24 19:00:18', '2023-04-04 11:28:49', 1, 0);
INSERT INTO `sys_user` VALUES (887, 'ks21rrNvBX', '19918249788', 'http://dummyimage.com/100x100', 'Nicholas Thompson', '2023-11-23 20:53:41', '2024-08-17 10:34:35', 1, 0);
INSERT INTO `sys_user` VALUES (888, 'EsnNkyMkKi', '76015395112', 'http://dummyimage.com/100x100', '程致远', '2024-09-15 07:42:09', '2023-08-25 08:01:16', 1, 0);
INSERT INTO `sys_user` VALUES (889, 'h33bNCqJLF', '18926563327', 'http://dummyimage.com/100x100', '黄致远', '2023-06-01 08:22:05', '2023-12-19 07:55:53', 1, 1);
INSERT INTO `sys_user` VALUES (890, 'I2FmpeERmZ', '18127138195', 'http://dummyimage.com/100x100', 'Ruby Ryan', '2024-06-12 01:47:30', '2024-01-02 13:14:38', 0, 1);
INSERT INTO `sys_user` VALUES (891, 'OkDc8q4VX4', '2883180602', 'http://dummyimage.com/100x100', '龙震南', '2024-06-20 08:55:30', '2024-07-28 23:31:36', 1, 1);
INSERT INTO `sys_user` VALUES (892, 'xSw8PyuMck', '15552889998', 'http://dummyimage.com/100x100', '武安琪', '2023-04-04 15:26:05', '2024-09-26 19:40:48', 0, 0);
INSERT INTO `sys_user` VALUES (893, 'tvCvVstApp', '2802972003', 'http://dummyimage.com/100x100', '于子韬', '2023-09-27 17:49:20', '2023-08-02 03:13:50', 1, 1);
INSERT INTO `sys_user` VALUES (894, '5UiIrKiyO0', '15741906436', 'http://dummyimage.com/100x100', 'Fred Olson', '2023-11-16 05:54:31', '2023-08-01 15:25:17', 1, 0);
INSERT INTO `sys_user` VALUES (895, 'JONeD2oOuk', '15829906310', 'http://dummyimage.com/100x100', 'Barry Allen', '2024-09-01 09:52:08', '2024-01-08 12:15:38', 1, 1);
INSERT INTO `sys_user` VALUES (896, 'TVvHUa5xOp', '202359057', 'http://dummyimage.com/100x100', 'Edward Kelly', '2023-10-14 18:36:29', '2024-03-08 17:01:35', 0, 0);
INSERT INTO `sys_user` VALUES (897, 'G8GE5Q47qn', '15409306070', 'http://dummyimage.com/100x100', 'Cheryl Gutierrez', '2023-04-19 06:42:46', '2024-05-24 09:55:58', 0, 1);
INSERT INTO `sys_user` VALUES (898, 'QsgOKeGGBI', '18332885806', 'http://dummyimage.com/100x100', '方震南', '2023-02-13 13:52:27', '2024-02-02 18:17:29', 0, 0);
INSERT INTO `sys_user` VALUES (899, '18pMAyi6ox', '15065400522', 'http://dummyimage.com/100x100', '刘璐', '2024-10-06 11:06:55', '2023-09-28 10:05:13', 1, 1);
INSERT INTO `sys_user` VALUES (900, 'Z5euOMx3au', '76065071509', 'http://dummyimage.com/100x100', 'Scott Watson', '2024-09-26 07:33:29', '2024-03-26 13:28:27', 0, 0);
INSERT INTO `sys_user` VALUES (901, 'EEdPF5aNJw', '19325091576', 'http://dummyimage.com/100x100', 'Dennis Hunt', '2023-04-02 22:12:39', '2024-01-14 07:53:15', 0, 0);
INSERT INTO `sys_user` VALUES (902, '6szShz3Kaa', '76030692640', 'http://dummyimage.com/100x100', '谢詩涵', '2024-03-01 13:04:19', '2023-03-20 12:41:50', 1, 1);
INSERT INTO `sys_user` VALUES (903, '0eG4XbhezV', '16563102660', 'http://dummyimage.com/100x100', 'Sean Payne', '2023-05-13 02:47:21', '2023-04-25 03:04:24', 0, 0);
INSERT INTO `sys_user` VALUES (904, 'f3lV4UutL1', '17485857948', 'http://dummyimage.com/100x100', 'Antonio Harrison', '2023-06-21 09:11:33', '2023-11-30 03:43:18', 0, 1);
INSERT INTO `sys_user` VALUES (905, 'OmiMoXzLd0', '2185398058', 'http://dummyimage.com/100x100', '阎震南', '2023-06-28 17:28:13', '2023-04-08 12:47:35', 0, 0);
INSERT INTO `sys_user` VALUES (906, 'mHB0k6Q5p8', '18864120407', 'http://dummyimage.com/100x100', '陈晓明', '2024-06-25 23:52:15', '2023-12-02 15:17:50', 0, 0);
INSERT INTO `sys_user` VALUES (907, 'xPzL1K8uWR', '17954653760', 'http://dummyimage.com/100x100', 'Jason Reyes', '2024-03-18 05:09:39', '2023-06-24 00:42:52', 1, 1);
INSERT INTO `sys_user` VALUES (908, '72M73l0cP4', '19569362252', 'http://dummyimage.com/100x100', 'Herbert Meyer', '2023-02-16 03:21:37', '2023-11-25 16:11:49', 0, 1);
INSERT INTO `sys_user` VALUES (909, 'NeLuLe2tic', '15038905619', 'http://dummyimage.com/100x100', 'Norman Myers', '2024-08-13 03:16:01', '2023-06-26 18:35:26', 1, 1);
INSERT INTO `sys_user` VALUES (910, 'UStc1bne6J', '2034451171', 'http://dummyimage.com/100x100', 'Scott Long', '2024-03-28 09:47:48', '2024-09-18 08:28:38', 1, 1);
INSERT INTO `sys_user` VALUES (911, 'nnTdeNQpZu', '17903047994', 'http://dummyimage.com/100x100', 'Walter Moreno', '2024-10-22 19:06:03', '2023-03-19 12:28:30', 1, 0);
INSERT INTO `sys_user` VALUES (912, 'lDqeh8rG5p', '2175723073', 'http://dummyimage.com/100x100', 'Rebecca Porter', '2024-03-11 18:33:50', '2023-11-10 19:44:21', 1, 0);
INSERT INTO `sys_user` VALUES (913, 'cwbkmlkm73', '2167375336', 'http://dummyimage.com/100x100', 'Donna Jackson', '2024-01-09 04:57:28', '2023-11-27 10:23:06', 1, 1);
INSERT INTO `sys_user` VALUES (914, 'nswM1oxN6X', '283783149', 'http://dummyimage.com/100x100', 'Thomas Gray', '2023-05-26 03:18:39', '2023-08-21 11:37:49', 0, 0);
INSERT INTO `sys_user` VALUES (915, 'mvc6bPYfGG', '16818841819', 'http://dummyimage.com/100x100', 'Brian Jenkins', '2023-06-16 09:28:31', '2023-02-07 18:59:30', 0, 1);
INSERT INTO `sys_user` VALUES (916, 'YNAvIRBUSv', '208689563', 'http://dummyimage.com/100x100', 'Karen Sanchez', '2024-05-03 20:23:05', '2023-03-14 09:39:40', 0, 0);
INSERT INTO `sys_user` VALUES (917, 'ClETcVL3yF', '14173372146', 'http://dummyimage.com/100x100', 'Terry Nelson', '2023-04-16 23:59:11', '2023-09-16 10:23:50', 0, 1);
INSERT INTO `sys_user` VALUES (918, 'MrIAsoeeWJ', '7601569756', 'http://dummyimage.com/100x100', '曾子异', '2023-01-21 06:56:51', '2024-03-04 02:40:30', 0, 0);
INSERT INTO `sys_user` VALUES (919, 'SQOry9nUzg', '76075031611', 'http://dummyimage.com/100x100', 'Annie Fisher', '2024-06-15 18:18:12', '2023-08-04 22:05:08', 1, 1);
INSERT INTO `sys_user` VALUES (920, '8V0245A0JS', '105233798', 'http://dummyimage.com/100x100', '廖安琪', '2023-02-21 02:39:20', '2023-05-02 08:36:33', 0, 0);
INSERT INTO `sys_user` VALUES (921, 'hCQA3sinaH', '219031273', 'http://dummyimage.com/100x100', 'Marilyn Parker', '2024-08-16 06:49:44', '2023-10-26 22:11:14', 1, 1);
INSERT INTO `sys_user` VALUES (922, 'N2v1Zgdrsw', '7558390579', 'http://dummyimage.com/100x100', 'Norman Rice', '2023-08-30 21:06:07', '2023-08-20 04:30:51', 1, 0);
INSERT INTO `sys_user` VALUES (923, 'LW68uaOnkJ', '13035208947', 'http://dummyimage.com/100x100', 'Brenda Powell', '2023-11-15 15:41:38', '2023-11-14 12:24:30', 0, 1);
INSERT INTO `sys_user` VALUES (924, 'SILyNHKDPg', '7695595549', 'http://dummyimage.com/100x100', 'Lucille Jimenez', '2024-03-13 20:04:23', '2024-04-26 06:50:04', 1, 0);
INSERT INTO `sys_user` VALUES (925, 'zLG1ex8bAS', '19205946186', 'http://dummyimage.com/100x100', 'Kathy Kelley', '2023-02-25 03:26:07', '2023-12-10 07:37:48', 0, 0);
INSERT INTO `sys_user` VALUES (926, 'TXqJOOTMEY', '19250743760', 'http://dummyimage.com/100x100', '曾云熙', '2023-06-02 06:04:57', '2023-01-26 09:57:33', 1, 0);
INSERT INTO `sys_user` VALUES (927, '9pMRc281jG', '19920068619', 'http://dummyimage.com/100x100', '林璐', '2023-07-09 23:55:14', '2024-05-23 20:14:31', 0, 1);
INSERT INTO `sys_user` VALUES (928, '8Y3WHQsE5O', '76056065865', 'http://dummyimage.com/100x100', '于岚', '2023-06-06 14:55:19', '2024-03-31 16:17:50', 1, 1);
INSERT INTO `sys_user` VALUES (929, 'NkicKYBdvG', '14569190676', 'http://dummyimage.com/100x100', 'Kelly Dunn', '2024-02-08 16:01:25', '2023-11-27 02:06:17', 0, 0);
INSERT INTO `sys_user` VALUES (930, 'Poz6sOlHn9', '16008550539', 'http://dummyimage.com/100x100', 'Jean Warren', '2024-08-08 04:44:07', '2023-02-17 14:03:11', 1, 1);
INSERT INTO `sys_user` VALUES (931, '3dKXArhTc7', '13992896885', 'http://dummyimage.com/100x100', 'Don Nelson', '2023-06-07 05:09:46', '2023-07-06 18:01:01', 1, 1);
INSERT INTO `sys_user` VALUES (932, 'ya5cHrkgPF', '7550287609', 'http://dummyimage.com/100x100', 'Ruth Mcdonald', '2023-10-14 08:05:34', '2023-02-02 03:15:56', 0, 0);
INSERT INTO `sys_user` VALUES (933, '3A0MXykKI8', '14781220697', 'http://dummyimage.com/100x100', 'Stanley Morgan', '2023-06-01 12:20:59', '2023-04-11 01:01:00', 0, 1);
INSERT INTO `sys_user` VALUES (934, 'iFTfrytMgq', '18782792489', 'http://dummyimage.com/100x100', '黄子异', '2023-09-18 15:45:36', '2023-07-12 22:34:27', 1, 1);
INSERT INTO `sys_user` VALUES (935, 'sa023aSU4h', '18445915975', 'http://dummyimage.com/100x100', '金子韬', '2024-01-03 02:32:19', '2023-01-24 19:03:01', 1, 0);
INSERT INTO `sys_user` VALUES (936, 'ML1V283cTH', '15399219978', 'http://dummyimage.com/100x100', 'Andrew Ford', '2023-05-17 04:42:48', '2023-12-17 07:59:00', 0, 0);
INSERT INTO `sys_user` VALUES (937, 'ur6HjTVeLw', '7558413052', 'http://dummyimage.com/100x100', '高嘉伦', '2023-10-16 14:16:39', '2023-07-14 05:41:24', 1, 0);
INSERT INTO `sys_user` VALUES (938, 'Aih0veqCEn', '76958824579', 'http://dummyimage.com/100x100', '董岚', '2024-01-05 08:30:27', '2023-12-24 15:53:42', 1, 0);
INSERT INTO `sys_user` VALUES (939, '9SLWLJt0W9', '214347580', 'http://dummyimage.com/100x100', '张震南', '2024-02-01 05:36:31', '2023-11-05 09:44:23', 0, 0);
INSERT INTO `sys_user` VALUES (940, 'hYS6S613JZ', '14879400947', 'http://dummyimage.com/100x100', '龙宇宁', '2023-03-22 06:17:35', '2023-12-31 08:34:27', 1, 0);
INSERT INTO `sys_user` VALUES (941, 'hrim9wyXwU', '1043671973', 'http://dummyimage.com/100x100', '王杰宏', '2023-03-14 01:55:35', '2023-05-24 22:15:15', 1, 1);
INSERT INTO `sys_user` VALUES (942, '4JKiwcSe0f', '76084632732', 'http://dummyimage.com/100x100', '傅岚', '2024-08-01 08:33:57', '2024-02-02 11:02:11', 0, 0);
INSERT INTO `sys_user` VALUES (943, '3FOrfEnkcZ', '2836944363', 'http://dummyimage.com/100x100', 'Norma Ramos', '2023-11-28 23:49:11', '2024-03-18 01:55:56', 1, 1);
INSERT INTO `sys_user` VALUES (944, 'JuivGblG4C', '7692994244', 'http://dummyimage.com/100x100', '陈子韬', '2024-03-09 14:08:26', '2024-09-15 07:46:07', 1, 0);
INSERT INTO `sys_user` VALUES (945, 'lMRQVgNOhg', '19749312832', 'http://dummyimage.com/100x100', '苏詩涵', '2023-04-22 22:10:07', '2024-09-12 12:42:03', 0, 1);
INSERT INTO `sys_user` VALUES (946, 'xHEOyLXZed', '217086027', 'http://dummyimage.com/100x100', 'Louise Meyer', '2024-10-08 03:29:29', '2024-10-05 19:29:34', 0, 1);
INSERT INTO `sys_user` VALUES (947, 'ZoSoygsudV', '14601758944', 'http://dummyimage.com/100x100', '卢云熙', '2024-09-05 04:56:32', '2023-06-20 04:20:19', 0, 1);
INSERT INTO `sys_user` VALUES (948, '8kCMfeOewu', '2024203163', 'http://dummyimage.com/100x100', '潘睿', '2023-11-06 21:27:30', '2024-03-09 19:39:40', 0, 0);
INSERT INTO `sys_user` VALUES (949, 'SR4u0v3tfK', '17738598787', 'http://dummyimage.com/100x100', '蔡宇宁', '2023-05-18 14:30:41', '2024-04-27 12:41:58', 0, 0);
INSERT INTO `sys_user` VALUES (950, 'qWvebS2uVv', '17908946200', 'http://dummyimage.com/100x100', 'Amber Shaw', '2023-02-05 20:55:42', '2024-03-08 04:53:54', 0, 1);
INSERT INTO `sys_user` VALUES (951, '7OnQFIRTkY', '14658764926', 'http://dummyimage.com/100x100', 'Joanne Gonzalez', '2023-08-11 02:20:30', '2023-07-08 06:30:07', 0, 1);
INSERT INTO `sys_user` VALUES (952, 'TISVIvyUzW', '19812844512', 'http://dummyimage.com/100x100', '龚杰宏', '2023-05-02 12:50:43', '2024-03-27 05:14:56', 1, 1);
INSERT INTO `sys_user` VALUES (953, 'HulsN9LAYZ', '76090770248', 'http://dummyimage.com/100x100', '向晓明', '2023-03-18 21:55:37', '2023-07-04 04:30:00', 0, 1);
INSERT INTO `sys_user` VALUES (954, 'A942AlatGQ', '16767174426', 'http://dummyimage.com/100x100', 'Janet Crawford', '2024-08-29 23:40:40', '2023-04-22 15:10:25', 0, 1);
INSERT INTO `sys_user` VALUES (955, 'lokR00HwVM', '2096788771', 'http://dummyimage.com/100x100', 'Amanda Bryant', '2024-08-16 05:57:02', '2023-08-20 01:40:37', 1, 0);
INSERT INTO `sys_user` VALUES (956, 'HVxxQSMPIL', '2143865939', 'http://dummyimage.com/100x100', 'William Brooks', '2024-07-04 06:40:26', '2024-07-27 20:58:30', 0, 1);
INSERT INTO `sys_user` VALUES (957, 'wmPPQSPVKd', '15772394257', 'http://dummyimage.com/100x100', '杨睿', '2023-11-25 14:29:30', '2023-11-16 09:29:22', 1, 1);
INSERT INTO `sys_user` VALUES (958, '19zBOMtJH6', '7603645803', 'http://dummyimage.com/100x100', '林睿', '2024-09-27 16:55:55', '2023-07-18 02:02:29', 1, 1);
INSERT INTO `sys_user` VALUES (959, 'PbQUGiXe05', '15585809581', 'http://dummyimage.com/100x100', '向宇宁', '2023-04-01 19:51:02', '2023-01-11 01:59:49', 0, 1);
INSERT INTO `sys_user` VALUES (960, 'qI1GDUUWWI', '216883270', 'http://dummyimage.com/100x100', 'Rebecca Stone', '2023-05-17 16:39:42', '2023-06-27 05:03:03', 1, 0);
INSERT INTO `sys_user` VALUES (961, 'bOVRFWMBBk', '16174655506', 'http://dummyimage.com/100x100', 'Rita Torres', '2024-09-16 10:26:56', '2024-02-27 05:28:56', 1, 0);
INSERT INTO `sys_user` VALUES (962, 'oXlHFjKraE', '13739140426', 'http://dummyimage.com/100x100', '吕晓明', '2024-03-14 17:16:30', '2023-11-08 22:07:55', 1, 0);
INSERT INTO `sys_user` VALUES (963, 'VZFKixZphU', '18164753145', 'http://dummyimage.com/100x100', '江岚', '2023-12-23 14:36:58', '2024-09-15 16:41:57', 0, 1);
INSERT INTO `sys_user` VALUES (964, 'kAyOsL5JKx', '13095790894', 'http://dummyimage.com/100x100', 'Virginia Robertson', '2024-08-15 14:43:20', '2023-05-27 18:12:54', 0, 0);
INSERT INTO `sys_user` VALUES (965, 'Bw28s0fydY', '18146442573', 'http://dummyimage.com/100x100', '史致远', '2023-09-04 21:03:14', '2024-07-08 16:12:28', 0, 1);
INSERT INTO `sys_user` VALUES (966, 'mbA3B7nmHE', '18093036864', 'http://dummyimage.com/100x100', 'Lucille Mills', '2023-12-03 11:12:17', '2024-02-21 10:56:21', 0, 0);
INSERT INTO `sys_user` VALUES (967, 'wxgmGQpP8P', '13284030026', 'http://dummyimage.com/100x100', 'Annie Hawkins', '2023-12-24 12:29:19', '2024-02-16 19:26:52', 1, 1);
INSERT INTO `sys_user` VALUES (968, 'jV8gSrwBgK', '202125240', 'http://dummyimage.com/100x100', '姜子韬', '2024-08-04 09:01:03', '2024-04-08 06:01:32', 0, 0);
INSERT INTO `sys_user` VALUES (969, 'ZEu1p9w3aq', '15627680564', 'http://dummyimage.com/100x100', '孙云熙', '2023-08-08 21:17:31', '2023-11-24 21:31:46', 0, 1);
INSERT INTO `sys_user` VALUES (970, 'WN5jfVtQJm', '207876257', 'http://dummyimage.com/100x100', '丁致远', '2024-08-23 06:47:12', '2024-02-10 05:34:26', 0, 1);
INSERT INTO `sys_user` VALUES (971, 'SX1KtFmaZv', '2161938153', 'http://dummyimage.com/100x100', 'Angela Hill', '2023-04-22 17:39:43', '2023-06-11 17:15:04', 1, 0);
INSERT INTO `sys_user` VALUES (972, 'bUPmsYEk1Q', '19719221025', 'http://dummyimage.com/100x100', '魏詩涵', '2023-03-04 14:02:40', '2023-01-07 14:52:32', 0, 1);
INSERT INTO `sys_user` VALUES (973, '4Gy1ziUroK', '17754106888', 'http://dummyimage.com/100x100', '宋岚', '2023-03-14 14:54:58', '2024-03-26 11:25:05', 1, 0);
INSERT INTO `sys_user` VALUES (974, 'QOATSA9YKm', '19332835315', 'http://dummyimage.com/100x100', '钟晓明', '2024-07-29 01:15:41', '2023-11-16 07:19:51', 0, 1);
INSERT INTO `sys_user` VALUES (975, 'Pu6c6PNdz1', '217905788', 'http://dummyimage.com/100x100', '周岚', '2023-05-11 07:45:17', '2024-04-13 15:19:28', 1, 0);
INSERT INTO `sys_user` VALUES (976, 'SNQsEL2IUp', '16031336809', 'http://dummyimage.com/100x100', '叶岚', '2023-01-24 08:21:25', '2023-12-18 19:28:46', 1, 0);
INSERT INTO `sys_user` VALUES (977, 'RHt3nSB3d8', '19832046796', 'http://dummyimage.com/100x100', '顾晓明', '2023-01-14 03:07:07', '2024-01-14 16:41:04', 0, 0);
INSERT INTO `sys_user` VALUES (978, 'RB6d9vPRMh', '18424602591', 'http://dummyimage.com/100x100', 'Howard Boyd', '2023-05-25 01:22:35', '2024-03-19 23:56:33', 1, 0);
INSERT INTO `sys_user` VALUES (979, 'PsSynczAdV', '7558036470', 'http://dummyimage.com/100x100', '郭璐', '2023-03-07 15:21:47', '2023-11-05 13:47:48', 1, 0);
INSERT INTO `sys_user` VALUES (980, 'x0Uo8y2BEm', '204634550', 'http://dummyimage.com/100x100', '蔡震南', '2023-12-06 12:59:11', '2023-09-01 20:43:01', 1, 1);
INSERT INTO `sys_user` VALUES (981, 'k6Qmv9WqaR', '13616960492', 'http://dummyimage.com/100x100', 'Eleanor Sullivan', '2024-10-18 10:09:56', '2024-10-01 14:41:10', 0, 1);
INSERT INTO `sys_user` VALUES (982, '5g2TXjS44W', '7605415709', 'http://dummyimage.com/100x100', '曾安琪', '2024-09-06 17:00:44', '2023-08-31 16:10:11', 0, 0);
INSERT INTO `sys_user` VALUES (983, 'to4GBOxCBQ', '14498618942', 'http://dummyimage.com/100x100', 'Johnny Nguyen', '2023-10-16 01:49:48', '2024-08-21 14:55:18', 0, 0);
INSERT INTO `sys_user` VALUES (984, 'gLOeZg8uis', '13717730901', 'http://dummyimage.com/100x100', 'Ronald Anderson', '2023-02-18 15:43:44', '2023-05-22 04:47:47', 1, 1);
INSERT INTO `sys_user` VALUES (985, 'npLLSwX2VR', '13758364483', 'http://dummyimage.com/100x100', 'Danny Nguyen', '2024-09-01 00:18:50', '2023-09-14 13:22:46', 0, 0);
INSERT INTO `sys_user` VALUES (986, '2z4gyVACQF', '2158304668', 'http://dummyimage.com/100x100', '邱晓明', '2024-02-10 20:55:28', '2024-08-29 03:32:12', 0, 0);
INSERT INTO `sys_user` VALUES (987, '9ghw0y80aR', '2855443042', 'http://dummyimage.com/100x100', 'Rhonda Butler', '2024-07-06 03:53:49', '2024-03-07 19:53:58', 0, 0);
INSERT INTO `sys_user` VALUES (988, 'mRxMn0OFLy', '14070788272', 'http://dummyimage.com/100x100', '邓子异', '2023-07-14 07:13:37', '2024-05-22 18:40:29', 0, 1);
INSERT INTO `sys_user` VALUES (989, 'ZyRGxHzQ3b', '18568622367', 'http://dummyimage.com/100x100', '徐杰宏', '2023-01-15 18:08:46', '2023-07-15 09:41:18', 1, 0);
INSERT INTO `sys_user` VALUES (990, '5H9OyUaIvK', '7551555399', 'http://dummyimage.com/100x100', '段子韬', '2024-08-07 09:45:28', '2023-08-31 07:32:28', 0, 0);
INSERT INTO `sys_user` VALUES (991, 'a1YL8asdrn', '15573796781', 'http://dummyimage.com/100x100', 'Craig Ruiz', '2023-09-14 07:02:00', '2024-08-29 01:53:23', 0, 0);
INSERT INTO `sys_user` VALUES (992, 'Bfkpo6fnQW', '19970975965', 'http://dummyimage.com/100x100', 'Shawn Guzman', '2023-12-21 15:08:58', '2023-10-13 20:46:06', 0, 0);
INSERT INTO `sys_user` VALUES (993, 'vBcBF3eFL8', '218082214', 'http://dummyimage.com/100x100', '严秀英', '2023-10-02 10:47:50', '2023-06-12 17:24:05', 0, 0);
INSERT INTO `sys_user` VALUES (994, 'w8PAcKXwzM', '7602700138', 'http://dummyimage.com/100x100', 'Karen Mitchell', '2024-05-21 04:24:23', '2023-03-30 05:34:35', 1, 0);
INSERT INTO `sys_user` VALUES (995, 'pSoVBS0WTp', '76903361973', 'http://dummyimage.com/100x100', 'Sheila Anderson', '2024-05-14 20:14:03', '2023-12-11 06:12:02', 1, 0);
INSERT INTO `sys_user` VALUES (996, 'ChtMpL7uis', '19919874553', 'http://dummyimage.com/100x100', 'Jimmy Holmes', '2023-03-11 21:52:18', '2023-08-13 13:24:23', 0, 1);
INSERT INTO `sys_user` VALUES (997, '3JBfeg2ZaU', '19051206274', 'http://dummyimage.com/100x100', '胡岚', '2024-05-03 03:16:40', '2023-12-14 20:01:16', 0, 1);
INSERT INTO `sys_user` VALUES (998, 'X0sW6f8oBx', '2105069704', 'http://dummyimage.com/100x100', '魏杰宏', '2023-07-09 17:12:32', '2024-03-25 06:57:56', 0, 1);
INSERT INTO `sys_user` VALUES (999, 'Wo1zfmTBNn', '2044508671', 'http://dummyimage.com/100x100', '陶秀英', '2023-08-15 19:49:27', '2023-11-14 23:42:16', 0, 0);
INSERT INTO `sys_user` VALUES (1000, 'EH6bZHWroC', '13072865490', 'http://dummyimage.com/100x100', 'Lori Snyder', '2024-09-06 10:09:59', '2024-03-25 05:07:40', 1, 0);
INSERT INTO `sys_user` VALUES (1007, NULL, '18089996570', 'http://dummyimage.com/100x100', '18085296000', '2024-10-31 13:10:23', '2024-10-31 13:10:23', 1, 0);
INSERT INTO `sys_user` VALUES (1009, NULL, '18015114000', 'http://localhost:9090/upload/image7b5a4e57-b01f-4558-86fb-668a295939e3.jpg', '测试90', '2024-11-03 00:57:01', '2024-12-01 16:59:21', 1, 1);

SET FOREIGN_KEY_CHECKS = 1;
